account_id,district_id,frequency,date,Account_type,Mod_date,Card_assigned
1573,63,POPLATEK MESICNE,971229,Savings account,2021-12-29,Silver
3276,1,POPLATEK MESICNE,971229,Salary account,2021-12-29,Silver
124,55,POPLATEK MESICNE,971228,Salary account,2021-12-28,Silver
3958,59,POPLATEK MESICNE,971228,NRI account,2021-12-28,Silver
777,30,POPLATEK MESICNE,971228,Savings account,2021-12-28,Silver
3025,25,POPLATEK MESICNE,971227,Salary account,2021-12-27,Silver
906,59,POPLATEK MESICNE,971227,NRI account,2021-12-27,Silver
845,14,POPLATEK MESICNE,971227,Savings account,2021-12-27,Silver
3048,74,POPLATEK TYDNE,971226,Salary account,2021-12-26,Diamond
1983,54,POPLATEK MESICNE,971225,NRI account,2021-12-25,Silver
727,35,POPLATEK MESICNE,971225,NRI account,2021-12-25,Silver
4332,74,POPLATEK MESICNE,971223,NRI account,2021-12-23,Silver
564,5,POPLATEK MESICNE,971223,NRI account,2021-12-23,Silver
3934,6,POPLATEK MESICNE,971223,NRI account,2021-12-23,Silver
1318,56,POPLATEK MESICNE,971222,Salary account,2021-12-22,Silver
889,43,POPLATEK MESICNE,971222,NRI account,2021-12-22,Silver
3385,1,POPLATEK MESICNE,971221,Salary account,2021-12-21,Silver
703,54,POPLATEK MESICNE,971221,Savings account,2021-12-21,Silver
1177,27,POPLATEK MESICNE,971220,Salary account,2021-12-20,Silver
246,65,POPLATEK MESICNE,971220,Salary account,2021-12-20,Silver
1171,18,POPLATEK MESICNE,971220,NRI account,2021-12-20,Silver
3187,59,POPLATEK MESICNE,971220,Salary account,2021-12-20,Silver
2791,25,POPLATEK MESICNE,971219,Savings account,2021-12-19,Silver
3169,19,POPLATEK MESICNE,971219,Savings account,2021-12-19,Silver
2049,67,POPLATEK MESICNE,971219,Savings account,2021-12-19,Silver
758,51,POPLATEK MESICNE,971219,Salary account,2021-12-19,Silver
2440,19,POPLATEK MESICNE,971218,NRI account,2021-12-18,Silver
1186,64,POPLATEK MESICNE,971217,NRI account,2021-12-17,Silver
3911,32,POPLATEK MESICNE,971216,Salary account,2021-12-16,Silver
3992,43,POPLATEK MESICNE,971216,Savings account,2021-12-16,Silver
579,1,POPLATEK MESICNE,971216,NRI account,2021-12-16,Silver
2892,64,POPLATEK MESICNE,971216,Savings account,2021-12-16,Silver
3616,50,POPLATEK MESICNE,971215,NRI account,2021-12-15,Silver
938,70,POPLATEK MESICNE,971213,Savings account,2021-12-13,Silver
3501,36,POPLATEK MESICNE,971213,Salary account,2021-12-13,Silver
2820,36,POPLATEK MESICNE,971211,NRI account,2021-12-11,Silver
3033,69,POPLATEK MESICNE,971210,NRI account,2021-12-10,Silver
3174,65,POPLATEK MESICNE,971210,Savings account,2021-12-10,Silver
134,34,POPLATEK MESICNE,971210,Salary account,2021-12-10,Silver
1229,46,POPLATEK MESICNE,971210,Salary account,2021-12-10,Silver
3209,45,POPLATEK MESICNE,971210,Salary account,2021-12-10,Silver
1072,65,POPLATEK MESICNE,971209,NRI account,2021-12-09,Silver
1156,59,POPLATEK MESICNE,971209,Salary account,2021-12-09,Silver
3836,68,POPLATEK MESICNE,971209,Salary account,2021-12-09,Silver
3013,73,POPLATEK MESICNE,971209,NRI account,2021-12-09,Silver
673,31,POPLATEK MESICNE,971208,Savings account,2021-12-08,Silver
3406,53,POPLATEK MESICNE,971208,Salary account,2021-12-08,Silver
2796,5,POPLATEK TYDNE,971208,Salary account,2021-12-08,Diamond
2775,30,POPLATEK MESICNE,971208,Savings account,2021-12-08,Silver
276,38,POPLATEK MESICNE,971208,Savings account,2021-12-08,Silver
315,45,POPLATEK MESICNE,971208,NRI account,2021-12-08,Silver
3722,76,POPLATEK MESICNE,971207,Salary account,2021-12-07,Silver
736,75,POPLATEK MESICNE,971207,Salary account,2021-12-07,Silver
2787,1,POPLATEK MESICNE,971207,NRI account,2021-12-07,Silver
21,54,POPLATEK MESICNE,971206,Salary account,2021-12-06,Silver
1650,39,POPLATEK MESICNE,971206,Savings account,2021-12-06,Silver
800,11,POPLATEK MESICNE,971206,Savings account,2021-12-06,Silver
3415,75,POPLATEK MESICNE,971206,NRI account,2021-12-06,Silver
2918,15,POPLATEK PO OBRATU,971205,NRI account,2021-12-05,Gold
4140,28,POPLATEK MESICNE,971205,NRI account,2021-12-05,Silver
1960,31,POPLATEK MESICNE,971204,NRI account,2021-12-04,Silver
1049,18,POPLATEK MESICNE,971204,NRI account,2021-12-04,Silver
298,35,POPLATEK MESICNE,971202,Savings account,2021-12-02,Silver
1717,67,POPLATEK MESICNE,971202,NRI account,2021-12-02,Silver
10005,64,POPLATEK MESICNE,971129,Salary account,2021-11-29,Silver
4386,51,POPLATEK TYDNE,971129,Salary account,2021-11-29,Diamond
1868,16,POPLATEK TYDNE,971129,Savings account,2021-11-29,Diamond
232,45,POPLATEK MESICNE,971129,Savings account,2021-11-29,Silver
1798,46,POPLATEK MESICNE,971128,Savings account,2021-11-28,Silver
421,75,POPLATEK MESICNE,971127,NRI account,2021-11-27,Silver
3715,74,POPLATEK MESICNE,971127,Savings account,2021-11-27,Silver
934,9,POPLATEK MESICNE,971127,Savings account,2021-11-27,Silver
3333,44,POPLATEK MESICNE,971127,Salary account,2021-11-27,Silver
215,31,POPLATEK MESICNE,971125,Salary account,2021-11-25,Silver
1523,52,POPLATEK PO OBRATU,971124,NRI account,2021-11-24,Gold
3102,33,POPLATEK MESICNE,971123,Savings account,2021-11-23,Silver
295,66,POPLATEK MESICNE,971123,NRI account,2021-11-23,Silver
2979,10,POPLATEK MESICNE,971122,Savings account,2021-11-22,Silver
2850,57,POPLATEK MESICNE,971122,Savings account,2021-11-22,Silver
2832,12,POPLATEK MESICNE,971122,Salary account,2021-11-22,Silver
3105,37,POPLATEK MESICNE,971121,Savings account,2021-11-21,Silver
2162,50,POPLATEK MESICNE,971121,NRI account,2021-11-21,Silver
1125,1,POPLATEK TYDNE,971121,Savings account,2021-11-21,Diamond
3382,23,POPLATEK TYDNE,971120,Savings account,2021-11-20,Diamond
2125,43,POPLATEK TYDNE,971120,NRI account,2021-11-20,Diamond
3396,1,POPLATEK MESICNE,971120,Salary account,2021-11-20,Silver
3365,11,POPLATEK MESICNE,971118,Savings account,2021-11-18,Silver
2693,17,POPLATEK MESICNE,971117,NRI account,2021-11-17,Silver
1866,4,POPLATEK MESICNE,971117,Savings account,2021-11-17,Silver
149,43,POPLATEK MESICNE,971116,NRI account,2021-11-16,Silver
3082,33,POPLATEK MESICNE,971116,NRI account,2021-11-16,Silver
3156,1,POPLATEK PO OBRATU,971116,Salary account,2021-11-16,Gold
2438,71,POPLATEK MESICNE,971116,Salary account,2021-11-16,Silver
1833,54,POPLATEK MESICNE,971115,Salary account,2021-11-15,Silver
2221,58,POPLATEK MESICNE,971115,NRI account,2021-11-15,Silver
2658,27,POPLATEK MESICNE,971114,Salary account,2021-11-14,Silver
2721,74,POPLATEK MESICNE,971114,NRI account,2021-11-14,Silver
2920,73,POPLATEK MESICNE,971113,Savings account,2021-11-13,Silver
566,8,POPLATEK MESICNE,971113,Savings account,2021-11-13,Silver
1245,68,POPLATEK MESICNE,971112,NRI account,2021-11-12,Silver
1348,55,POPLATEK MESICNE,971112,Savings account,2021-11-12,Silver
3423,11,POPLATEK MESICNE,971110,Salary account,2021-11-10,Silver
2831,1,POPLATEK MESICNE,971110,Savings account,2021-11-10,Silver
2211,61,POPLATEK PO OBRATU,971110,Salary account,2021-11-10,Gold
3360,71,POPLATEK MESICNE,971110,Salary account,2021-11-10,Silver
952,41,POPLATEK MESICNE,971109,Savings account,2021-11-09,Silver
696,54,POPLATEK MESICNE,971109,NRI account,2021-11-09,Silver
2998,21,POPLATEK MESICNE,971109,Salary account,2021-11-09,Silver
867,60,POPLATEK MESICNE,971109,NRI account,2021-11-09,Silver
1208,4,POPLATEK MESICNE,971109,Savings account,2021-11-09,Silver
2391,2,POPLATEK MESICNE,971107,NRI account,2021-11-07,Silver
1140,49,POPLATEK MESICNE,971107,Salary account,2021-11-07,Silver
644,4,POPLATEK MESICNE,971106,NRI account,2021-11-06,Silver
2402,18,POPLATEK MESICNE,971106,NRI account,2021-11-06,Silver
3395,16,POPLATEK MESICNE,971105,NRI account,2021-11-05,Silver
2296,29,POPLATEK MESICNE,971105,Savings account,2021-11-05,Silver
10613,55,POPLATEK MESICNE,971104,Salary account,2021-11-04,Silver
606,75,POPLATEK MESICNE,971104,NRI account,2021-11-04,Silver
9227,51,POPLATEK MESICNE,971104,NRI account,2021-11-04,Silver
1723,70,POPLATEK MESICNE,971104,Salary account,2021-11-04,Silver
3404,33,POPLATEK MESICNE,971104,Savings account,2021-11-04,Silver
1657,12,POPLATEK MESICNE,971104,Salary account,2021-11-04,Silver
639,1,POPLATEK MESICNE,971103,NRI account,2021-11-03,Silver
3325,11,POPLATEK MESICNE,971103,NRI account,2021-11-03,Silver
1703,72,POPLATEK MESICNE,971102,Savings account,2021-11-02,Silver
3598,76,POPLATEK MESICNE,971102,Savings account,2021-11-02,Silver
782,42,POPLATEK MESICNE,971030,Salary account,2021-10-30,Silver
2784,40,POPLATEK MESICNE,971030,NRI account,2021-10-30,Silver
671,60,POPLATEK MESICNE,971029,Salary account,2021-10-29,Silver
643,64,POPLATEK MESICNE,971028,Savings account,2021-10-28,Silver
1340,52,POPLATEK MESICNE,971028,NRI account,2021-10-28,Silver
2703,61,POPLATEK MESICNE,971028,Savings account,2021-10-28,Silver
2413,33,POPLATEK MESICNE,971027,Savings account,2021-10-27,Silver
3963,9,POPLATEK MESICNE,971027,Salary account,2021-10-27,Silver
876,4,POPLATEK MESICNE,971026,Salary account,2021-10-26,Silver
1172,6,POPLATEK MESICNE,971025,Savings account,2021-10-25,Silver
398,69,POPLATEK MESICNE,971024,NRI account,2021-10-24,Silver
2174,18,POPLATEK MESICNE,971024,Savings account,2021-10-24,Silver
3705,20,POPLATEK MESICNE,971024,Salary account,2021-10-24,Silver
1209,23,POPLATEK MESICNE,971023,NRI account,2021-10-23,Silver
2371,15,POPLATEK TYDNE,971023,Salary account,2021-10-23,Diamond
852,57,POPLATEK MESICNE,971023,Savings account,2021-10-23,Silver
2152,22,POPLATEK MESICNE,971023,Savings account,2021-10-23,Silver
3857,54,POPLATEK MESICNE,971022,Salary account,2021-10-22,Silver
156,64,POPLATEK MESICNE,971022,Savings account,2021-10-22,Silver
3922,68,POPLATEK MESICNE,971022,NRI account,2021-10-22,Silver
2910,68,POPLATEK MESICNE,971021,NRI account,2021-10-21,Silver
2756,24,POPLATEK MESICNE,971021,Savings account,2021-10-21,Silver
1572,72,POPLATEK MESICNE,971021,NRI account,2021-10-21,Silver
1615,1,POPLATEK MESICNE,971020,Salary account,2021-10-20,Silver
2311,28,POPLATEK MESICNE,971019,NRI account,2021-10-19,Silver
2556,46,POPLATEK MESICNE,971019,Savings account,2021-10-19,Silver
961,1,POPLATEK MESICNE,971018,Savings account,2021-10-18,Silver
2579,24,POPLATEK MESICNE,971018,Savings account,2021-10-18,Silver
3919,34,POPLATEK MESICNE,971018,NRI account,2021-10-18,Silver
3875,44,POPLATEK MESICNE,971018,NRI account,2021-10-18,Silver
550,24,POPLATEK MESICNE,971017,Savings account,2021-10-17,Silver
3324,3,POPLATEK MESICNE,971017,Salary account,2021-10-17,Silver
1061,44,POPLATEK MESICNE,971017,Salary account,2021-10-17,Silver
2215,48,POPLATEK MESICNE,971017,Salary account,2021-10-17,Silver
2053,5,POPLATEK MESICNE,971016,NRI account,2021-10-16,Silver
3561,33,POPLATEK MESICNE,971015,Salary account,2021-10-15,Silver
1807,21,POPLATEK MESICNE,971015,NRI account,2021-10-15,Silver
11327,7,POPLATEK MESICNE,971015,NRI account,2021-10-15,Silver
2231,2,POPLATEK MESICNE,971014,Salary account,2021-10-14,Silver
966,15,POPLATEK MESICNE,971014,Salary account,2021-10-14,Silver
1968,16,POPLATEK TYDNE,971014,NRI account,2021-10-14,Diamond
2879,15,POPLATEK MESICNE,971014,NRI account,2021-10-14,Silver
3023,35,POPLATEK MESICNE,971014,Savings account,2021-10-14,Silver
1279,28,POPLATEK MESICNE,971013,NRI account,2021-10-13,Silver
502,1,POPLATEK MESICNE,971013,Salary account,2021-10-13,Silver
1506,51,POPLATEK MESICNE,971013,Savings account,2021-10-13,Silver
5708,64,POPLATEK TYDNE,971012,NRI account,2021-10-12,Diamond
7049,69,POPLATEK MESICNE,971012,NRI account,2021-10-12,Silver
121,55,POPLATEK MESICNE,971011,NRI account,2021-10-11,Silver
1727,9,POPLATEK MESICNE,971011,Savings account,2021-10-11,Silver
2097,46,POPLATEK MESICNE,971011,Savings account,2021-10-11,Silver
133,64,POPLATEK TYDNE,971011,Savings account,2021-10-11,Diamond
2897,51,POPLATEK MESICNE,971011,Savings account,2021-10-11,Silver
745,43,POPLATEK MESICNE,971009,Salary account,2021-10-09,Silver
3813,1,POPLATEK MESICNE,971009,NRI account,2021-10-09,Silver
1342,9,POPLATEK MESICNE,971009,Savings account,2021-10-09,Silver
2069,72,POPLATEK MESICNE,971008,Savings account,2021-10-08,Silver
205,1,POPLATEK MESICNE,971008,Savings account,2021-10-08,Silver
1150,29,POPLATEK MESICNE,971008,Salary account,2021-10-08,Silver
1608,26,POPLATEK MESICNE,971008,Salary account,2021-10-08,Silver
1494,1,POPLATEK MESICNE,971008,NRI account,2021-10-08,Silver
2272,48,POPLATEK MESICNE,971008,Savings account,2021-10-08,Silver
2634,45,POPLATEK MESICNE,971008,Savings account,2021-10-08,Silver
4143,55,POPLATEK MESICNE,971007,Salary account,2021-10-07,Silver
2133,11,POPLATEK MESICNE,971007,Salary account,2021-10-07,Silver
3342,59,POPLATEK MESICNE,971006,NRI account,2021-10-06,Silver
2715,42,POPLATEK MESICNE,971006,Salary account,2021-10-06,Silver
1596,70,POPLATEK MESICNE,971005,NRI account,2021-10-05,Silver
4116,6,POPLATEK MESICNE,971005,NRI account,2021-10-05,Silver
3401,38,POPLATEK TYDNE,971004,Salary account,2021-10-04,Diamond
2036,70,POPLATEK MESICNE,971003,NRI account,2021-10-03,Silver
6866,14,POPLATEK MESICNE,971002,Savings account,2021-10-02,Silver
4132,36,POPLATEK MESICNE,971002,Savings account,2021-10-02,Silver
2136,75,POPLATEK MESICNE,971002,Savings account,2021-10-02,Silver
2370,51,POPLATEK MESICNE,971001,Savings account,2021-10-01,Silver
1379,47,POPLATEK MESICNE,971001,NRI account,2021-10-01,Silver
1313,45,POPLATEK MESICNE,971001,NRI account,2021-10-01,Silver
129,74,POPLATEK MESICNE,971001,Savings account,2021-10-01,Silver
2007,45,POPLATEK MESICNE,970929,Savings account,2021-09-29,Silver
1064,70,POPLATEK MESICNE,970929,NRI account,2021-09-29,Silver
7274,11,POPLATEK MESICNE,970928,NRI account,2021-09-28,Silver
3383,29,POPLATEK MESICNE,970928,NRI account,2021-09-28,Silver
2461,1,POPLATEK MESICNE,970928,Salary account,2021-09-28,Silver
3916,8,POPLATEK MESICNE,970928,NRI account,2021-09-28,Silver
2745,60,POPLATEK MESICNE,970928,NRI account,2021-09-28,Silver
10152,34,POPLATEK MESICNE,970928,NRI account,2021-09-28,Silver
2846,1,POPLATEK MESICNE,970927,NRI account,2021-09-27,Silver
1443,54,POPLATEK MESICNE,970927,NRI account,2021-09-27,Silver
1992,48,POPLATEK MESICNE,970927,NRI account,2021-09-27,Silver
755,38,POPLATEK MESICNE,970927,NRI account,2021-09-27,Silver
3106,12,POPLATEK TYDNE,970926,Salary account,2021-09-26,Diamond
2312,65,POPLATEK MESICNE,970926,NRI account,2021-09-26,Silver
177,1,POPLATEK MESICNE,970926,NRI account,2021-09-26,Silver
4128,64,POPLATEK MESICNE,970926,Savings account,2021-09-26,Silver
89,68,POPLATEK MESICNE,970925,NRI account,2021-09-25,Silver
4616,1,POPLATEK MESICNE,970924,Salary account,2021-09-24,Silver
3757,64,POPLATEK MESICNE,970924,Savings account,2021-09-24,Silver
2942,44,POPLATEK MESICNE,970924,NRI account,2021-09-24,Silver
1814,17,POPLATEK MESICNE,970923,NRI account,2021-09-23,Silver
1718,71,POPLATEK MESICNE,970923,Salary account,2021-09-23,Silver
16,12,POPLATEK MESICNE,970923,Savings account,2021-09-23,Silver
1101,4,POPLATEK MESICNE,970922,Salary account,2021-09-22,Silver
179,1,POPLATEK TYDNE,970922,Savings account,2021-09-22,Diamond
3610,1,POPLATEK MESICNE,970922,NRI account,2021-09-22,Silver
3463,38,POPLATEK MESICNE,970921,Salary account,2021-09-21,Silver
3103,1,POPLATEK PO OBRATU,970921,NRI account,2021-09-21,Gold
1876,1,POPLATEK MESICNE,970920,Savings account,2021-09-20,Silver
2765,69,POPLATEK MESICNE,970920,NRI account,2021-09-20,Silver
387,72,POPLATEK MESICNE,970919,Salary account,2021-09-19,Silver
3300,71,POPLATEK MESICNE,970919,NRI account,2021-09-19,Silver
3657,62,POPLATEK MESICNE,970919,NRI account,2021-09-19,Silver
823,71,POPLATEK MESICNE,970919,Savings account,2021-09-19,Silver
5283,15,POPLATEK MESICNE,970918,Savings account,2021-09-18,Silver
1438,23,POPLATEK TYDNE,970918,Salary account,2021-09-18,Diamond
328,1,POPLATEK MESICNE,970918,NRI account,2021-09-18,Silver
118,68,POPLATEK MESICNE,970918,NRI account,2021-09-18,Silver
3603,3,POPLATEK MESICNE,970917,Savings account,2021-09-17,Silver
1872,61,POPLATEK MESICNE,970917,NRI account,2021-09-17,Silver
3671,21,POPLATEK MESICNE,970917,NRI account,2021-09-17,Silver
735,70,POPLATEK MESICNE,970917,NRI account,2021-09-17,Silver
3274,76,POPLATEK MESICNE,970917,NRI account,2021-09-17,Silver
5870,75,POPLATEK MESICNE,970917,Salary account,2021-09-17,Silver
1946,46,POPLATEK MESICNE,970916,Savings account,2021-09-16,Silver
402,68,POPLATEK MESICNE,970914,Salary account,2021-09-14,Silver
9156,18,POPLATEK MESICNE,970914,Savings account,2021-09-14,Silver
3987,25,POPLATEK MESICNE,970914,Salary account,2021-09-14,Silver
3852,20,POPLATEK MESICNE,970914,NRI account,2021-09-14,Silver
384,24,POPLATEK TYDNE,970914,NRI account,2021-09-14,Diamond
677,70,POPLATEK MESICNE,970913,NRI account,2021-09-13,Silver
6505,7,POPLATEK MESICNE,970913,Savings account,2021-09-13,Silver
1240,1,POPLATEK MESICNE,970911,NRI account,2021-09-11,Silver
1783,70,POPLATEK MESICNE,970911,Salary account,2021-09-11,Silver
7156,71,POPLATEK MESICNE,970911,NRI account,2021-09-11,Silver
1085,42,POPLATEK MESICNE,970911,NRI account,2021-09-11,Silver
2684,7,POPLATEK MESICNE,970910,Salary account,2021-09-10,Silver
2459,55,POPLATEK MESICNE,970910,Savings account,2021-09-10,Silver
2997,40,POPLATEK MESICNE,970909,Salary account,2021-09-09,Silver
10650,76,POPLATEK MESICNE,970909,NRI account,2021-09-09,Silver
1303,23,POPLATEK MESICNE,970908,Salary account,2021-09-08,Silver
783,1,POPLATEK MESICNE,970908,NRI account,2021-09-08,Silver
1729,53,POPLATEK MESICNE,970908,NRI account,2021-09-08,Silver
1790,70,POPLATEK MESICNE,970908,NRI account,2021-09-08,Silver
2351,74,POPLATEK MESICNE,970908,Savings account,2021-09-08,Silver
2480,35,POPLATEK MESICNE,970907,NRI account,2021-09-07,Silver
2444,76,POPLATEK MESICNE,970907,Savings account,2021-09-07,Silver
3516,36,POPLATEK TYDNE,970907,Savings account,2021-09-07,Diamond
178,59,POPLATEK MESICNE,970906,Salary account,2021-09-06,Silver
2079,55,POPLATEK MESICNE,970906,NRI account,2021-09-06,Silver
3444,53,POPLATEK TYDNE,970904,Salary account,2021-09-04,Diamond
1764,68,POPLATEK MESICNE,970904,Savings account,2021-09-04,Silver
4158,27,POPLATEK MESICNE,970904,Salary account,2021-09-04,Silver
585,4,POPLATEK MESICNE,970904,NRI account,2021-09-04,Silver
5698,1,POPLATEK MESICNE,970904,NRI account,2021-09-04,Silver
10243,44,POPLATEK MESICNE,970903,NRI account,2021-09-03,Silver
1026,20,POPLATEK MESICNE,970903,Salary account,2021-09-03,Silver
45,64,POPLATEK MESICNE,970902,Salary account,2021-09-02,Silver
2172,1,POPLATEK MESICNE,970902,Salary account,2021-09-02,Silver
909,30,POPLATEK MESICNE,970902,NRI account,2021-09-02,Silver
3950,48,POPLATEK MESICNE,970901,Salary account,2021-09-01,Silver
2142,42,POPLATEK MESICNE,970901,Salary account,2021-09-01,Silver
2492,73,POPLATEK MESICNE,970901,Savings account,2021-09-01,Silver
3901,12,POPLATEK MESICNE,970830,NRI account,2021-08-30,Silver
2422,27,POPLATEK MESICNE,970829,Savings account,2021-08-29,Silver
3556,58,POPLATEK MESICNE,970829,Salary account,2021-08-29,Silver
1154,5,POPLATEK TYDNE,970829,Savings account,2021-08-29,Diamond
2317,68,POPLATEK MESICNE,970828,Savings account,2021-08-28,Silver
3828,44,POPLATEK MESICNE,970828,Salary account,2021-08-28,Silver
3798,15,POPLATEK MESICNE,970827,Salary account,2021-08-27,Silver
859,13,POPLATEK MESICNE,970826,NRI account,2021-08-26,Silver
2394,62,POPLATEK MESICNE,970823,Savings account,2021-08-23,Silver
8639,46,POPLATEK MESICNE,970822,Salary account,2021-08-22,Silver
4003,25,POPLATEK MESICNE,970822,Salary account,2021-08-22,Silver
3537,45,POPLATEK MESICNE,970822,Salary account,2021-08-22,Silver
3070,56,POPLATEK MESICNE,970821,Salary account,2021-08-21,Silver
645,70,POPLATEK MESICNE,970821,Savings account,2021-08-21,Silver
1795,53,POPLATEK MESICNE,970821,Savings account,2021-08-21,Silver
2442,14,POPLATEK MESICNE,970821,NRI account,2021-08-21,Silver
2845,62,POPLATEK MESICNE,970821,Salary account,2021-08-21,Silver
1845,47,POPLATEK MESICNE,970820,NRI account,2021-08-20,Silver
1181,69,POPLATEK MESICNE,970820,NRI account,2021-08-20,Silver
2607,1,POPLATEK MESICNE,970819,NRI account,2021-08-19,Silver
653,27,POPLATEK MESICNE,970819,NRI account,2021-08-19,Silver
10799,76,POPLATEK MESICNE,970819,Salary account,2021-08-19,Silver
1567,10,POPLATEK MESICNE,970819,NRI account,2021-08-19,Silver
996,47,POPLATEK MESICNE,970818,NRI account,2021-08-18,Silver
37,20,POPLATEK MESICNE,970818,Salary account,2021-08-18,Silver
2829,66,POPLATEK MESICNE,970818,Salary account,2021-08-18,Silver
529,39,POPLATEK MESICNE,970818,Savings account,2021-08-18,Silver
1857,37,POPLATEK MESICNE,970818,Savings account,2021-08-18,Silver
9140,32,POPLATEK MESICNE,970818,Salary account,2021-08-18,Silver
2485,41,POPLATEK MESICNE,970818,Salary account,2021-08-18,Silver
1881,60,POPLATEK MESICNE,970817,Savings account,2021-08-17,Silver
2595,1,POPLATEK MESICNE,970817,NRI account,2021-08-17,Silver
13,76,POPLATEK MESICNE,970817,Salary account,2021-08-17,Silver
1355,1,POPLATEK MESICNE,970816,Savings account,2021-08-16,Silver
3062,17,POPLATEK MESICNE,970815,Savings account,2021-08-15,Silver
9433,59,POPLATEK MESICNE,970814,Salary account,2021-08-14,Silver
509,36,POPLATEK MESICNE,970814,NRI account,2021-08-14,Silver
1747,30,POPLATEK MESICNE,970814,Salary account,2021-08-14,Silver
2073,59,POPLATEK MESICNE,970814,Savings account,2021-08-14,Silver
3097,66,POPLATEK MESICNE,970814,Savings account,2021-08-14,Silver
792,3,POPLATEK MESICNE,970813,Savings account,2021-08-13,Silver
1043,1,POPLATEK MESICNE,970813,NRI account,2021-08-13,Silver
591,1,POPLATEK MESICNE,970812,Savings account,2021-08-12,Silver
5572,15,POPLATEK MESICNE,970811,Salary account,2021-08-11,Silver
3046,74,POPLATEK MESICNE,970811,Savings account,2021-08-11,Silver
2138,75,POPLATEK MESICNE,970811,Salary account,2021-08-11,Silver
1662,1,POPLATEK MESICNE,970811,Salary account,2021-08-11,Silver
386,1,POPLATEK MESICNE,970811,Savings account,2021-08-11,Silver
2776,23,POPLATEK MESICNE,970810,Savings account,2021-08-10,Silver
785,21,POPLATEK TYDNE,970809,Savings account,2021-08-09,Diamond
2338,59,POPLATEK MESICNE,970808,Savings account,2021-08-08,Silver
1319,56,POPLATEK PO OBRATU,970808,Salary account,2021-08-08,Gold
311,50,POPLATEK MESICNE,970808,NRI account,2021-08-08,Silver
3293,1,POPLATEK MESICNE,970808,Salary account,2021-08-08,Silver
1648,40,POPLATEK MESICNE,970808,Salary account,2021-08-08,Silver
38,19,POPLATEK TYDNE,970808,Salary account,2021-08-08,Diamond
1434,70,POPLATEK MESICNE,970808,Savings account,2021-08-08,Silver
7437,19,POPLATEK TYDNE,970808,Salary account,2021-08-08,Diamond
4784,46,POPLATEK MESICNE,970808,NRI account,2021-08-08,Silver
2644,1,POPLATEK MESICNE,970808,NRI account,2021-08-08,Silver
307,26,POPLATEK MESICNE,970807,Savings account,2021-08-07,Silver
1951,23,POPLATEK MESICNE,970807,NRI account,2021-08-07,Silver
4445,47,POPLATEK MESICNE,970807,Savings account,2021-08-07,Silver
2000,5,POPLATEK MESICNE,970806,Salary account,2021-08-06,Silver
3724,16,POPLATEK MESICNE,970806,Savings account,2021-08-06,Silver
3281,1,POPLATEK MESICNE,970806,Savings account,2021-08-06,Silver
326,61,POPLATEK MESICNE,970806,NRI account,2021-08-06,Silver
1389,34,POPLATEK MESICNE,970805,Salary account,2021-08-05,Silver
1033,32,POPLATEK MESICNE,970805,Savings account,2021-08-05,Silver
2449,23,POPLATEK MESICNE,970805,Salary account,2021-08-05,Silver
2927,37,POPLATEK MESICNE,970804,NRI account,2021-08-04,Silver
4091,9,POPLATEK MESICNE,970804,NRI account,2021-08-04,Silver
6602,74,POPLATEK MESICNE,970804,Salary account,2021-08-04,Silver
2558,46,POPLATEK MESICNE,970804,Savings account,2021-08-04,Silver
3208,29,POPLATEK MESICNE,970804,NRI account,2021-08-04,Silver
4533,68,POPLATEK MESICNE,970803,NRI account,2021-08-03,Silver
3343,1,POPLATEK MESICNE,970803,NRI account,2021-08-03,Silver
3686,77,POPLATEK MESICNE,970803,Salary account,2021-08-03,Silver
3381,68,POPLATEK MESICNE,970802,NRI account,2021-08-02,Silver
1522,48,POPLATEK MESICNE,970802,Salary account,2021-08-02,Silver
41,72,POPLATEK MESICNE,970802,Salary account,2021-08-02,Silver
1950,70,POPLATEK MESICNE,970801,Salary account,2021-08-01,Silver
811,14,POPLATEK TYDNE,970801,NRI account,2021-08-01,Diamond
3185,45,POPLATEK MESICNE,970729,NRI account,2021-07-29,Silver
5758,44,POPLATEK MESICNE,970728,NRI account,2021-07-28,Silver
1776,36,POPLATEK MESICNE,970727,Savings account,2021-07-27,Silver
547,24,POPLATEK MESICNE,970727,Savings account,2021-07-27,Silver
2197,46,POPLATEK MESICNE,970726,Salary account,2021-07-26,Silver
2587,1,POPLATEK MESICNE,970725,Salary account,2021-07-25,Silver
3346,1,POPLATEK MESICNE,970725,Salary account,2021-07-25,Silver
1454,46,POPLATEK MESICNE,970725,NRI account,2021-07-25,Silver
2196,11,POPLATEK MESICNE,970724,Savings account,2021-07-24,Silver
2646,6,POPLATEK MESICNE,970724,Salary account,2021-07-24,Silver
2722,69,POPLATEK MESICNE,970724,Salary account,2021-07-24,Silver
2679,67,POPLATEK MESICNE,970724,Salary account,2021-07-24,Silver
1794,74,POPLATEK MESICNE,970723,Salary account,2021-07-23,Silver
801,16,POPLATEK MESICNE,970723,NRI account,2021-07-23,Silver
3057,9,POPLATEK MESICNE,970723,Salary account,2021-07-23,Silver
5290,34,POPLATEK MESICNE,970721,Salary account,2021-07-21,Silver
2316,1,POPLATEK MESICNE,970721,Savings account,2021-07-21,Silver
611,46,POPLATEK MESICNE,970721,Salary account,2021-07-21,Silver
1890,1,POPLATEK TYDNE,970720,NRI account,2021-07-20,Diamond
2204,9,POPLATEK MESICNE,970720,NRI account,2021-07-20,Silver
970,18,POPLATEK MESICNE,970720,Savings account,2021-07-20,Silver
211,28,POPLATEK MESICNE,970719,Savings account,2021-07-19,Silver
1432,27,POPLATEK MESICNE,970719,NRI account,2021-07-19,Silver
2369,49,POPLATEK MESICNE,970719,Salary account,2021-07-19,Silver
3867,1,POPLATEK MESICNE,970719,Savings account,2021-07-19,Silver
680,17,POPLATEK MESICNE,970718,Savings account,2021-07-18,Silver
284,54,POPLATEK MESICNE,970718,Savings account,2021-07-18,Silver
1027,68,POPLATEK MESICNE,970718,Salary account,2021-07-18,Silver
1995,54,POPLATEK MESICNE,970718,Savings account,2021-07-18,Silver
2183,54,POPLATEK MESICNE,970717,Salary account,2021-07-17,Silver
7052,55,POPLATEK PO OBRATU,970717,Salary account,2021-07-17,Gold
483,70,POPLATEK MESICNE,970715,Salary account,2021-07-15,Silver
2678,1,POPLATEK MESICNE,970715,Salary account,2021-07-15,Silver
705,35,POPLATEK MESICNE,970714,Salary account,2021-07-14,Silver
2447,38,POPLATEK MESICNE,970714,Salary account,2021-07-14,Silver
2452,1,POPLATEK MESICNE,970714,Savings account,2021-07-14,Silver
469,72,POPLATEK MESICNE,970714,Salary account,2021-07-14,Silver
9560,1,POPLATEK MESICNE,970713,NRI account,2021-07-13,Silver
3985,1,POPLATEK MESICNE,970713,Salary account,2021-07-13,Silver
3833,77,POPLATEK MESICNE,970713,NRI account,2021-07-13,Silver
3428,27,POPLATEK MESICNE,970712,Savings account,2021-07-12,Silver
679,22,POPLATEK MESICNE,970712,Savings account,2021-07-12,Silver
10644,16,POPLATEK MESICNE,970712,NRI account,2021-07-12,Silver
2182,22,POPLATEK MESICNE,970712,Salary account,2021-07-12,Silver
2992,43,POPLATEK MESICNE,970711,NRI account,2021-07-11,Silver
11317,50,POPLATEK MESICNE,970711,Savings account,2021-07-11,Silver
1681,68,POPLATEK MESICNE,970711,NRI account,2021-07-11,Silver
1110,54,POPLATEK MESICNE,970710,Salary account,2021-07-10,Silver
105,21,POPLATEK MESICNE,970710,Savings account,2021-07-10,Silver
1647,1,POPLATEK MESICNE,970709,Savings account,2021-07-09,Silver
2169,57,POPLATEK MESICNE,970709,Salary account,2021-07-09,Silver
258,64,POPLATEK MESICNE,970709,Savings account,2021-07-09,Silver
3906,52,POPLATEK MESICNE,970708,NRI account,2021-07-08,Silver
3529,12,POPLATEK MESICNE,970708,Salary account,2021-07-08,Silver
864,72,POPLATEK MESICNE,970708,NRI account,2021-07-08,Silver
4336,2,POPLATEK MESICNE,970708,Salary account,2021-07-08,Silver
3433,73,POPLATEK MESICNE,970707,NRI account,2021-07-07,Silver
2337,65,POPLATEK MESICNE,970707,NRI account,2021-07-07,Silver
3,5,POPLATEK MESICNE,970707,NRI account,2021-07-07,Silver
2093,64,POPLATEK MESICNE,970707,Savings account,2021-07-07,Silver
2728,52,POPLATEK TYDNE,970706,Salary account,2021-07-06,Diamond
1339,76,POPLATEK MESICNE,970706,Salary account,2021-07-06,Silver
1929,1,POPLATEK MESICNE,970706,NRI account,2021-07-06,Silver
4150,65,POPLATEK MESICNE,970705,Salary account,2021-07-05,Silver
10774,46,POPLATEK MESICNE,970705,Savings account,2021-07-05,Silver
185,32,POPLATEK MESICNE,970704,Savings account,2021-07-04,Silver
7721,13,POPLATEK MESICNE,970703,Salary account,2021-07-03,Silver
3889,16,POPLATEK MESICNE,970703,Savings account,2021-07-03,Silver
3085,66,POPLATEK MESICNE,970703,Savings account,2021-07-03,Silver
768,26,POPLATEK MESICNE,970703,NRI account,2021-07-03,Silver
8919,62,POPLATEK MESICNE,970703,NRI account,2021-07-03,Silver
3154,1,POPLATEK MESICNE,970702,NRI account,2021-07-02,Silver
2081,36,POPLATEK MESICNE,970702,NRI account,2021-07-02,Silver
1255,68,POPLATEK MESICNE,970702,Salary account,2021-07-02,Silver
2208,7,POPLATEK MESICNE,970702,Savings account,2021-07-02,Silver
1284,55,POPLATEK MESICNE,970702,NRI account,2021-07-02,Silver
8153,9,POPLATEK MESICNE,970702,Salary account,2021-07-02,Silver
1346,74,POPLATEK MESICNE,970701,Salary account,2021-07-01,Silver
1514,7,POPLATEK MESICNE,970701,Salary account,2021-07-01,Silver
5196,13,POPLATEK TYDNE,970629,Salary account,2021-06-29,Diamond
2883,77,POPLATEK MESICNE,970629,Salary account,2021-06-29,Silver
2939,5,POPLATEK MESICNE,970628,NRI account,2021-06-28,Silver
3665,28,POPLATEK MESICNE,970628,Savings account,2021-06-28,Silver
3524,66,POPLATEK MESICNE,970628,NRI account,2021-06-28,Silver
4156,42,POPLATEK MESICNE,970627,Savings account,2021-06-27,Silver
1921,42,POPLATEK MESICNE,970627,NRI account,2021-06-27,Silver
2200,1,POPLATEK MESICNE,970626,Salary account,2021-06-26,Silver
3245,45,POPLATEK MESICNE,970626,Salary account,2021-06-26,Silver
2806,53,POPLATEK MESICNE,970626,Salary account,2021-06-26,Silver
556,12,POPLATEK MESICNE,970626,NRI account,2021-06-26,Silver
4301,1,POPLATEK MESICNE,970626,Savings account,2021-06-26,Silver
2443,46,POPLATEK MESICNE,970625,Salary account,2021-06-25,Silver
4309,74,POPLATEK TYDNE,970625,NRI account,2021-06-25,Diamond
3075,71,POPLATEK MESICNE,970625,Salary account,2021-06-25,Silver
3461,8,POPLATEK MESICNE,970623,Salary account,2021-06-23,Silver
672,53,POPLATEK MESICNE,970623,Salary account,2021-06-23,Silver
8645,60,POPLATEK MESICNE,970623,Savings account,2021-06-23,Silver
438,37,POPLATEK MESICNE,970623,Salary account,2021-06-23,Silver
3262,23,POPLATEK MESICNE,970622,Savings account,2021-06-22,Silver
3100,65,POPLATEK MESICNE,970622,Salary account,2021-06-22,Silver
1839,5,POPLATEK MESICNE,970622,Salary account,2021-06-22,Silver
3996,1,POPLATEK MESICNE,970622,Savings account,2021-06-22,Silver
622,24,POPLATEK MESICNE,970622,Savings account,2021-06-22,Silver
2340,14,POPLATEK MESICNE,970622,NRI account,2021-06-22,Silver
641,40,POPLATEK MESICNE,970622,NRI account,2021-06-22,Silver
4858,67,POPLATEK MESICNE,970621,NRI account,2021-06-21,Silver
1354,31,POPLATEK MESICNE,970621,NRI account,2021-06-21,Silver
2057,1,POPLATEK MESICNE,970620,Savings account,2021-06-20,Silver
2560,15,POPLATEK MESICNE,970620,Savings account,2021-06-20,Silver
3986,19,POPLATEK MESICNE,970620,NRI account,2021-06-20,Silver
3719,37,POPLATEK MESICNE,970619,Savings account,2021-06-19,Silver
1551,72,POPLATEK MESICNE,970618,Savings account,2021-06-18,Silver
1095,54,POPLATEK MESICNE,970618,Savings account,2021-06-18,Silver
3703,74,POPLATEK MESICNE,970618,Salary account,2021-06-18,Silver
2135,51,POPLATEK MESICNE,970617,Savings account,2021-06-17,Silver
2720,2,POPLATEK TYDNE,970616,NRI account,2021-06-16,Diamond
2006,25,POPLATEK MESICNE,970616,Savings account,2021-06-16,Silver
3953,1,POPLATEK MESICNE,970616,Savings account,2021-06-16,Silver
2372,1,POPLATEK MESICNE,970615,Savings account,2021-06-15,Silver
6097,29,POPLATEK MESICNE,970615,Salary account,2021-06-15,Silver
2878,1,POPLATEK MESICNE,970614,NRI account,2021-06-14,Silver
1015,1,POPLATEK MESICNE,970614,Salary account,2021-06-14,Silver
1753,71,POPLATEK MESICNE,970614,NRI account,2021-06-14,Silver
5648,59,POPLATEK MESICNE,970613,Salary account,2021-06-13,Silver
2509,43,POPLATEK MESICNE,970613,Savings account,2021-06-13,Silver
1841,36,POPLATEK MESICNE,970612,NRI account,2021-06-12,Silver
7180,7,POPLATEK TYDNE,970612,Salary account,2021-06-12,Diamond
2019,64,POPLATEK MESICNE,970611,Savings account,2021-06-11,Silver
1491,47,POPLATEK MESICNE,970611,NRI account,2021-06-11,Silver
3496,42,POPLATEK MESICNE,970611,Savings account,2021-06-11,Silver
2956,15,POPLATEK MESICNE,970610,NRI account,2021-06-10,Silver
3211,72,POPLATEK MESICNE,970609,Savings account,2021-06-09,Silver
3060,73,POPLATEK MESICNE,970609,Salary account,2021-06-09,Silver
4471,4,POPLATEK TYDNE,970609,NRI account,2021-06-09,Diamond
349,72,POPLATEK MESICNE,970608,NRI account,2021-06-08,Silver
682,54,POPLATEK MESICNE,970608,Savings account,2021-06-08,Silver
291,7,POPLATEK MESICNE,970608,NRI account,2021-06-08,Silver
9673,76,POPLATEK MESICNE,970607,NRI account,2021-06-07,Silver
229,1,POPLATEK MESICNE,970607,Salary account,2021-06-07,Silver
614,25,POPLATEK MESICNE,970607,Salary account,2021-06-07,Silver
1724,48,POPLATEK MESICNE,970607,Savings account,2021-06-07,Silver
1185,12,POPLATEK MESICNE,970607,Salary account,2021-06-07,Silver
1537,54,POPLATEK MESICNE,970606,NRI account,2021-06-06,Silver
3768,52,POPLATEK MESICNE,970606,Savings account,2021-06-06,Silver
5944,27,POPLATEK MESICNE,970606,Savings account,2021-06-06,Silver
2404,8,POPLATEK MESICNE,970605,Savings account,2021-06-05,Silver
3202,8,POPLATEK MESICNE,970604,NRI account,2021-06-04,Silver
879,9,POPLATEK MESICNE,970604,NRI account,2021-06-04,Silver
3700,1,POPLATEK MESICNE,970603,Savings account,2021-06-03,Silver
2564,36,POPLATEK MESICNE,970603,Salary account,2021-06-03,Silver
3951,22,POPLATEK MESICNE,970602,Savings account,2021-06-02,Silver
4130,70,POPLATEK MESICNE,970601,NRI account,2021-06-01,Silver
4527,9,POPLATEK MESICNE,970601,NRI account,2021-06-01,Silver
2860,54,POPLATEK TYDNE,970530,NRI account,2021-05-30,Diamond
10679,1,POPLATEK MESICNE,970530,NRI account,2021-05-30,Silver
5,15,POPLATEK MESICNE,970530,Savings account,2021-05-30,Silver
3905,54,POPLATEK PO OBRATU,970528,Salary account,2021-05-28,Gold
464,43,POPLATEK MESICNE,970528,Salary account,2021-05-28,Silver
1574,75,POPLATEK MESICNE,970528,NRI account,2021-05-28,Silver
2891,42,POPLATEK MESICNE,970528,Salary account,2021-05-28,Silver
11053,46,POPLATEK MESICNE,970527,NRI account,2021-05-27,Silver
3172,77,POPLATEK MESICNE,970527,NRI account,2021-05-27,Silver
868,1,POPLATEK MESICNE,970526,Salary account,2021-05-26,Silver
534,1,POPLATEK MESICNE,970526,NRI account,2021-05-26,Silver
3662,4,POPLATEK MESICNE,970526,Savings account,2021-05-26,Silver
3732,21,POPLATEK MESICNE,970525,Savings account,2021-05-25,Silver
1710,74,POPLATEK MESICNE,970525,Salary account,2021-05-25,Silver
760,1,POPLATEK MESICNE,970524,Savings account,2021-05-24,Silver
2324,1,POPLATEK MESICNE,970524,Salary account,2021-05-24,Silver
7559,56,POPLATEK MESICNE,970524,NRI account,2021-05-24,Silver
9208,29,POPLATEK MESICNE,970524,NRI account,2021-05-24,Silver
3163,41,POPLATEK MESICNE,970524,Savings account,2021-05-24,Silver
834,3,POPLATEK MESICNE,970523,Salary account,2021-05-23,Silver
1956,63,POPLATEK MESICNE,970523,NRI account,2021-05-23,Silver
4729,66,POPLATEK MESICNE,970523,Salary account,2021-05-23,Silver
10343,8,POPLATEK MESICNE,970522,Savings account,2021-05-22,Silver
2743,51,POPLATEK MESICNE,970522,Salary account,2021-05-22,Silver
2698,49,POPLATEK MESICNE,970521,NRI account,2021-05-21,Silver
3872,25,POPLATEK MESICNE,970521,NRI account,2021-05-21,Silver
3403,63,POPLATEK MESICNE,970520,NRI account,2021-05-20,Silver
1424,32,POPLATEK MESICNE,970520,NRI account,2021-05-20,Silver
2366,68,POPLATEK MESICNE,970520,Savings account,2021-05-20,Silver
2668,21,POPLATEK MESICNE,970520,NRI account,2021-05-20,Silver
2392,1,POPLATEK MESICNE,970518,Salary account,2021-05-18,Silver
8713,53,POPLATEK MESICNE,970518,Savings account,2021-05-18,Silver
1697,63,POPLATEK MESICNE,970517,Savings account,2021-05-17,Silver
1808,28,POPLATEK MESICNE,970516,Salary account,2021-05-16,Silver
3299,11,POPLATEK TYDNE,970516,NRI account,2021-05-16,Diamond
383,38,POPLATEK MESICNE,970515,Salary account,2021-05-15,Silver
1953,9,POPLATEK TYDNE,970515,NRI account,2021-05-15,Diamond
3344,70,POPLATEK MESICNE,970515,Salary account,2021-05-15,Silver
139,38,POPLATEK TYDNE,970515,Salary account,2021-05-15,Diamond
8149,64,POPLATEK PO OBRATU,970514,NRI account,2021-05-14,Gold
2900,20,POPLATEK MESICNE,970514,NRI account,2021-05-14,Silver
3140,3,POPLATEK MESICNE,970513,Savings account,2021-05-13,Silver
3790,1,POPLATEK TYDNE,970513,Salary account,2021-05-13,Diamond
5164,5,POPLATEK MESICNE,970513,Savings account,2021-05-13,Silver
6922,3,POPLATEK TYDNE,970512,Savings account,2021-05-12,Diamond
3122,74,POPLATEK MESICNE,970512,Salary account,2021-05-12,Silver
282,69,POPLATEK MESICNE,970512,Savings account,2021-05-12,Silver
3742,59,POPLATEK MESICNE,970511,NRI account,2021-05-11,Silver
3577,74,POPLATEK MESICNE,970511,NRI account,2021-05-11,Silver
2448,23,POPLATEK MESICNE,970511,NRI account,2021-05-11,Silver
1130,1,POPLATEK MESICNE,970511,Savings account,2021-05-11,Silver
2118,42,POPLATEK MESICNE,970511,Savings account,2021-05-11,Silver
2005,16,POPLATEK MESICNE,970511,Salary account,2021-05-11,Silver
475,3,POPLATEK MESICNE,970511,Salary account,2021-05-11,Silver
3214,67,POPLATEK MESICNE,970510,Salary account,2021-05-10,Silver
250,56,POPLATEK MESICNE,970510,NRI account,2021-05-10,Silver
367,23,POPLATEK MESICNE,970509,NRI account,2021-05-09,Silver
2141,21,POPLATEK MESICNE,970509,NRI account,2021-05-09,Silver
2127,1,POPLATEK MESICNE,970509,Salary account,2021-05-09,Silver
1385,53,POPLATEK MESICNE,970508,Salary account,2021-05-08,Silver
3506,70,POPLATEK MESICNE,970508,NRI account,2021-05-08,Silver
316,62,POPLATEK MESICNE,970508,NRI account,2021-05-08,Silver
3711,3,POPLATEK MESICNE,970508,NRI account,2021-05-08,Silver
1982,6,POPLATEK MESICNE,970508,NRI account,2021-05-08,Silver
2071,35,POPLATEK MESICNE,970508,Savings account,2021-05-08,Silver
2800,41,POPLATEK MESICNE,970508,Savings account,2021-05-08,Silver
997,54,POPLATEK MESICNE,970508,Salary account,2021-05-08,Silver
2184,6,POPLATEK MESICNE,970507,Salary account,2021-05-07,Silver
10022,1,POPLATEK MESICNE,970507,Salary account,2021-05-07,Silver
3773,10,POPLATEK MESICNE,970504,Savings account,2021-05-04,Silver
3635,10,POPLATEK MESICNE,970504,Salary account,2021-05-04,Silver
293,1,POPLATEK MESICNE,970504,Salary account,2021-05-04,Silver
1178,41,POPLATEK MESICNE,970504,Salary account,2021-05-04,Silver
3988,23,POPLATEK MESICNE,970504,NRI account,2021-05-04,Silver
2816,74,POPLATEK MESICNE,970504,Savings account,2021-05-04,Silver
722,38,POPLATEK PO OBRATU,970504,Savings account,2021-05-04,Gold
1230,1,POPLATEK MESICNE,970503,Savings account,2021-05-03,Silver
2594,19,POPLATEK PO OBRATU,970503,NRI account,2021-05-03,Gold
1024,19,POPLATEK MESICNE,970502,Salary account,2021-05-02,Silver
2173,64,POPLATEK MESICNE,970502,Savings account,2021-05-02,Silver
98,55,POPLATEK MESICNE,970502,Salary account,2021-05-02,Silver
3119,33,POPLATEK MESICNE,970502,Salary account,2021-05-02,Silver
10257,27,POPLATEK MESICNE,970501,NRI account,2021-05-01,Silver
1693,1,POPLATEK PO OBRATU,970429,Savings account,2021-04-29,Gold
2612,1,POPLATEK MESICNE,970429,NRI account,2021-04-29,Silver
3104,1,POPLATEK MESICNE,970429,NRI account,2021-04-29,Silver
1488,25,POPLATEK MESICNE,970429,Salary account,2021-04-29,Silver
2451,54,POPLATEK MESICNE,970429,NRI account,2021-04-29,Silver
2857,19,POPLATEK MESICNE,970428,Salary account,2021-04-28,Silver
647,1,POPLATEK MESICNE,970428,Savings account,2021-04-28,Silver
2952,65,POPLATEK MESICNE,970428,Savings account,2021-04-28,Silver
240,72,POPLATEK MESICNE,970428,NRI account,2021-04-28,Silver
3846,61,POPLATEK MESICNE,970427,Savings account,2021-04-27,Silver
912,65,POPLATEK MESICNE,970427,Salary account,2021-04-27,Silver
2080,74,POPLATEK MESICNE,970427,Savings account,2021-04-27,Silver
873,73,POPLATEK MESICNE,970426,Salary account,2021-04-26,Silver
589,1,POPLATEK MESICNE,970426,Salary account,2021-04-26,Silver
9484,5,POPLATEK MESICNE,970426,NRI account,2021-04-26,Silver
3052,44,POPLATEK MESICNE,970426,Savings account,2021-04-26,Silver
10134,22,POPLATEK MESICNE,970426,NRI account,2021-04-26,Silver
309,14,POPLATEK MESICNE,970425,NRI account,2021-04-25,Silver
453,75,POPLATEK MESICNE,970424,Salary account,2021-04-24,Silver
2539,24,POPLATEK MESICNE,970424,Salary account,2021-04-24,Silver
794,63,POPLATEK MESICNE,970424,Salary account,2021-04-24,Silver
636,75,POPLATEK MESICNE,970424,Salary account,2021-04-24,Silver
3217,75,POPLATEK PO OBRATU,970423,NRI account,2021-04-23,Gold
3692,70,POPLATEK MESICNE,970421,Salary account,2021-04-21,Silver
109,53,POPLATEK MESICNE,970420,Savings account,2021-04-20,Silver
1198,70,POPLATEK MESICNE,970420,Savings account,2021-04-20,Silver
3830,56,POPLATEK MESICNE,970420,NRI account,2021-04-20,Silver
2744,70,POPLATEK TYDNE,970419,Salary account,2021-04-19,Diamond
3194,11,POPLATEK MESICNE,970419,Salary account,2021-04-19,Silver
3012,49,POPLATEK MESICNE,970418,NRI account,2021-04-18,Silver
1035,73,POPLATEK MESICNE,970418,NRI account,2021-04-18,Silver
1687,23,POPLATEK MESICNE,970418,NRI account,2021-04-18,Silver
407,72,POPLATEK TYDNE,970418,Salary account,2021-04-18,Diamond
2055,37,POPLATEK MESICNE,970417,Savings account,2021-04-17,Silver
4475,72,POPLATEK MESICNE,970416,NRI account,2021-04-16,Silver
2586,57,POPLATEK MESICNE,970416,Salary account,2021-04-16,Silver
189,76,POPLATEK MESICNE,970416,Savings account,2021-04-16,Silver
3077,64,POPLATEK MESICNE,970416,Savings account,2021-04-16,Silver
3634,21,POPLATEK MESICNE,970416,Salary account,2021-04-16,Silver
3897,13,POPLATEK MESICNE,970416,Savings account,2021-04-16,Silver
1665,73,POPLATEK MESICNE,970415,NRI account,2021-04-15,Silver
12,21,POPLATEK MESICNE,970415,Savings account,2021-04-15,Silver
3398,43,POPLATEK MESICNE,970415,NRI account,2021-04-15,Silver
1281,8,POPLATEK MESICNE,970414,Savings account,2021-04-14,Silver
1915,2,POPLATEK MESICNE,970414,Salary account,2021-04-14,Silver
3716,1,POPLATEK MESICNE,970414,Salary account,2021-04-14,Silver
1560,62,POPLATEK MESICNE,970414,Savings account,2021-04-14,Silver
4725,73,POPLATEK MESICNE,970414,NRI account,2021-04-14,Silver
2575,72,POPLATEK MESICNE,970413,NRI account,2021-04-13,Silver
4467,17,POPLATEK TYDNE,970413,Salary account,2021-04-13,Diamond
1253,5,POPLATEK MESICNE,970413,NRI account,2021-04-13,Silver
1598,15,POPLATEK MESICNE,970412,NRI account,2021-04-12,Silver
2166,71,POPLATEK MESICNE,970412,Savings account,2021-04-12,Silver
1259,72,POPLATEK MESICNE,970412,NRI account,2021-04-12,Silver
927,69,POPLATEK MESICNE,970412,Salary account,2021-04-12,Silver
2466,39,POPLATEK MESICNE,970411,Salary account,2021-04-11,Silver
476,69,POPLATEK MESICNE,970411,Salary account,2021-04-11,Silver
1407,19,POPLATEK PO OBRATU,970411,Salary account,2021-04-11,Gold
1734,37,POPLATEK MESICNE,970410,Salary account,2021-04-10,Silver
843,6,POPLATEK MESICNE,970409,Savings account,2021-04-09,Silver
2901,1,POPLATEK MESICNE,970409,Savings account,2021-04-09,Silver
1636,53,POPLATEK MESICNE,970408,NRI account,2021-04-08,Silver
10812,16,POPLATEK MESICNE,970408,Savings account,2021-04-08,Silver
2165,51,POPLATEK MESICNE,970408,Savings account,2021-04-08,Silver
3460,16,POPLATEK MESICNE,970408,Salary account,2021-04-08,Silver
4208,1,POPLATEK MESICNE,970408,Savings account,2021-04-08,Silver
2954,1,POPLATEK MESICNE,970408,NRI account,2021-04-08,Silver
1138,41,POPLATEK MESICNE,970407,NRI account,2021-04-07,Silver
3544,33,POPLATEK MESICNE,970407,NRI account,2021-04-07,Silver
49,1,POPLATEK MESICNE,970406,Salary account,2021-04-06,Silver
1594,15,POPLATEK MESICNE,970406,NRI account,2021-04-06,Silver
1933,35,POPLATEK MESICNE,970404,NRI account,2021-04-04,Silver
1034,73,POPLATEK MESICNE,970404,Savings account,2021-04-04,Silver
2899,40,POPLATEK MESICNE,970403,NRI account,2021-04-03,Silver
144,10,POPLATEK TYDNE,970403,Salary account,2021-04-03,Diamond
9167,56,POPLATEK MESICNE,970402,NRI account,2021-04-02,Silver
2874,32,POPLATEK MESICNE,970402,Salary account,2021-04-02,Silver
3695,30,POPLATEK MESICNE,970402,Savings account,2021-04-02,Silver
10068,1,POPLATEK MESICNE,970402,NRI account,2021-04-02,Silver
2725,52,POPLATEK MESICNE,970402,NRI account,2021-04-02,Silver
3885,51,POPLATEK MESICNE,970401,Savings account,2021-04-01,Silver
1863,62,POPLATEK MESICNE,970401,NRI account,2021-04-01,Silver
2048,76,POPLATEK MESICNE,970330,Savings account,2021-03-30,Silver
442,54,POPLATEK MESICNE,970330,Salary account,2021-03-30,Silver
2158,38,POPLATEK MESICNE,970329,Salary account,2021-03-29,Silver
2843,30,POPLATEK MESICNE,970329,NRI account,2021-03-29,Silver
3266,14,POPLATEK MESICNE,970329,Savings account,2021-03-29,Silver
157,11,POPLATEK MESICNE,970328,Savings account,2021-03-28,Silver
1321,60,POPLATEK MESICNE,970327,NRI account,2021-03-27,Silver
2966,33,POPLATEK MESICNE,970327,Savings account,2021-03-27,Silver
3581,66,POPLATEK MESICNE,970326,NRI account,2021-03-26,Silver
1466,69,POPLATEK TYDNE,970326,Salary account,2021-03-26,Diamond
3176,26,POPLATEK MESICNE,970326,NRI account,2021-03-26,Silver
1459,12,POPLATEK MESICNE,970326,NRI account,2021-03-26,Silver
3332,17,POPLATEK MESICNE,970325,Salary account,2021-03-25,Silver
3739,1,POPLATEK MESICNE,970325,Savings account,2021-03-25,Silver
1907,1,POPLATEK MESICNE,970325,Savings account,2021-03-25,Silver
1976,26,POPLATEK MESICNE,970325,Salary account,2021-03-25,Silver
3658,24,POPLATEK MESICNE,970325,Savings account,2021-03-25,Silver
1363,11,POPLATEK MESICNE,970323,Savings account,2021-03-23,Silver
1165,44,POPLATEK MESICNE,970323,NRI account,2021-03-23,Silver
85,68,POPLATEK MESICNE,970323,Savings account,2021-03-23,Silver
749,38,POPLATEK MESICNE,970323,Savings account,2021-03-23,Silver
8026,36,POPLATEK MESICNE,970323,NRI account,2021-03-23,Silver
8926,1,POPLATEK MESICNE,970321,Salary account,2021-03-21,Silver
578,28,POPLATEK TYDNE,970321,NRI account,2021-03-21,Diamond
8505,70,POPLATEK MESICNE,970320,Savings account,2021-03-20,Silver
304,4,POPLATEK MESICNE,970320,Savings account,2021-03-20,Silver
2690,66,POPLATEK MESICNE,970319,Savings account,2021-03-19,Silver
2495,70,POPLATEK MESICNE,970319,NRI account,2021-03-19,Silver
3083,66,POPLATEK MESICNE,970318,Savings account,2021-03-18,Silver
1199,50,POPLATEK MESICNE,970318,NRI account,2021-03-18,Silver
10652,1,POPLATEK MESICNE,970318,Salary account,2021-03-18,Silver
191,41,POPLATEK MESICNE,970317,NRI account,2021-03-17,Silver
2354,7,POPLATEK MESICNE,970317,NRI account,2021-03-17,Silver
3782,9,POPLATEK TYDNE,970317,NRI account,2021-03-17,Diamond
3328,1,POPLATEK MESICNE,970317,Salary account,2021-03-17,Silver
2597,31,POPLATEK MESICNE,970316,NRI account,2021-03-16,Silver
2908,61,POPLATEK MESICNE,970316,Savings account,2021-03-16,Silver
2672,59,POPLATEK MESICNE,970314,NRI account,2021-03-14,Silver
114,60,POPLATEK MESICNE,970314,Salary account,2021-03-14,Silver
2760,10,POPLATEK MESICNE,970314,NRI account,2021-03-14,Silver
3971,75,POPLATEK MESICNE,970313,Salary account,2021-03-13,Silver
405,55,POPLATEK MESICNE,970313,NRI account,2021-03-13,Silver
600,46,POPLATEK MESICNE,970313,Savings account,2021-03-13,Silver
1740,57,POPLATEK MESICNE,970313,NRI account,2021-03-13,Silver
3842,1,POPLATEK MESICNE,970312,NRI account,2021-03-12,Silver
1746,1,POPLATEK MESICNE,970311,Salary account,2021-03-11,Silver
64,64,POPLATEK MESICNE,970311,Savings account,2021-03-11,Silver
3031,51,POPLATEK MESICNE,970310,NRI account,2021-03-10,Silver
214,22,POPLATEK MESICNE,970309,Savings account,2021-03-09,Silver
2224,46,POPLATEK PO OBRATU,970308,NRI account,2021-03-08,Gold
3574,72,POPLATEK MESICNE,970308,Savings account,2021-03-08,Silver
6061,1,POPLATEK MESICNE,970308,Savings account,2021-03-08,Silver
2270,14,POPLATEK MESICNE,970308,NRI account,2021-03-08,Silver
850,25,POPLATEK MESICNE,970307,Savings account,2021-03-07,Silver
1668,62,POPLATEK MESICNE,970307,NRI account,2021-03-07,Silver
2089,29,POPLATEK TYDNE,970305,NRI account,2021-03-05,Diamond
1215,65,POPLATEK MESICNE,970304,Salary account,2021-03-04,Silver
6306,64,POPLATEK MESICNE,970304,Savings account,2021-03-04,Silver
919,62,POPLATEK MESICNE,970303,Savings account,2021-03-03,Silver
1096,34,POPLATEK MESICNE,970303,NRI account,2021-03-03,Silver
1928,70,POPLATEK MESICNE,970302,NRI account,2021-03-02,Silver
3242,28,POPLATEK MESICNE,970302,NRI account,2021-03-02,Silver
3541,70,POPLATEK MESICNE,970302,Savings account,2021-03-02,Silver
3652,36,POPLATEK MESICNE,970302,Savings account,2021-03-02,Silver
2024,20,POPLATEK MESICNE,970302,Savings account,2021-03-02,Silver
2405,64,POPLATEK MESICNE,970227,NRI account,2021-02-27,Silver
2415,16,POPLATEK MESICNE,970227,NRI account,2021-02-27,Silver
3851,1,POPLATEK MESICNE,970227,NRI account,2021-02-27,Silver
2782,1,POPLATEK MESICNE,970227,Salary account,2021-02-27,Silver
195,70,POPLATEK MESICNE,970227,NRI account,2021-02-27,Silver
2380,46,POPLATEK MESICNE,970227,Salary account,2021-02-27,Silver
1336,5,POPLATEK MESICNE,970226,Savings account,2021-02-26,Silver
2325,55,POPLATEK MESICNE,970226,NRI account,2021-02-26,Silver
292,49,POPLATEK MESICNE,970226,Savings account,2021-02-26,Silver
2797,74,POPLATEK MESICNE,970226,NRI account,2021-02-26,Silver
1736,74,POPLATEK MESICNE,970226,NRI account,2021-02-26,Silver
2661,1,POPLATEK MESICNE,970225,NRI account,2021-02-25,Silver
1818,54,POPLATEK MESICNE,970225,Salary account,2021-02-25,Silver
2937,1,POPLATEK MESICNE,970225,Savings account,2021-02-25,Silver
2194,54,POPLATEK MESICNE,970225,Savings account,2021-02-25,Silver
5180,54,POPLATEK MESICNE,970224,Salary account,2021-02-24,Silver
1619,38,POPLATEK MESICNE,970224,Salary account,2021-02-24,Silver
323,52,POPLATEK MESICNE,970223,Savings account,2021-02-23,Silver
2016,1,POPLATEK MESICNE,970223,NRI account,2021-02-23,Silver
226,70,POPLATEK MESICNE,970223,Salary account,2021-02-23,Silver
3337,58,POPLATEK PO OBRATU,970222,NRI account,2021-02-22,Gold
4746,54,POPLATEK MESICNE,970221,NRI account,2021-02-21,Silver
3188,24,POPLATEK MESICNE,970220,Savings account,2021-02-20,Silver
3236,52,POPLATEK MESICNE,970220,NRI account,2021-02-20,Silver
2766,31,POPLATEK MESICNE,970220,NRI account,2021-02-20,Silver
1447,65,POPLATEK MESICNE,970220,Savings account,2021-02-20,Silver
3331,16,POPLATEK MESICNE,970220,Salary account,2021-02-20,Silver
4268,77,POPLATEK MESICNE,970220,Savings account,2021-02-20,Silver
1524,6,POPLATEK MESICNE,970220,NRI account,2021-02-20,Silver
5445,72,POPLATEK MESICNE,970219,Savings account,2021-02-19,Silver
1037,1,POPLATEK MESICNE,970218,Savings account,2021-02-18,Silver
2656,1,POPLATEK MESICNE,970218,Salary account,2021-02-18,Silver
351,50,POPLATEK MESICNE,970217,NRI account,2021-02-17,Silver
424,12,POPLATEK MESICNE,970217,NRI account,2021-02-17,Silver
1141,28,POPLATEK MESICNE,970216,Savings account,2021-02-16,Silver
1264,1,POPLATEK MESICNE,970216,NRI account,2021-02-16,Silver
3059,1,POPLATEK MESICNE,970215,Salary account,2021-02-15,Silver
3959,1,POPLATEK TYDNE,970215,NRI account,2021-02-15,Diamond
1068,52,POPLATEK MESICNE,970215,NRI account,2021-02-15,Silver
10915,25,POPLATEK TYDNE,970215,NRI account,2021-02-15,Diamond
729,14,POPLATEK MESICNE,970215,NRI account,2021-02-15,Silver
796,1,POPLATEK MESICNE,970213,NRI account,2021-02-13,Silver
2381,1,POPLATEK MESICNE,970213,NRI account,2021-02-13,Silver
1430,26,POPLATEK MESICNE,970213,Salary account,2021-02-13,Silver
2085,25,POPLATEK MESICNE,970213,Savings account,2021-02-13,Silver
130,54,POPLATEK MESICNE,970212,Salary account,2021-02-12,Silver
828,1,POPLATEK MESICNE,970212,Salary account,2021-02-12,Silver
2042,31,POPLATEK MESICNE,970212,Savings account,2021-02-12,Silver
4358,5,POPLATEK MESICNE,970212,NRI account,2021-02-12,Silver
3565,30,POPLATEK MESICNE,970212,Salary account,2021-02-12,Silver
159,70,POPLATEK MESICNE,970211,Salary account,2021-02-11,Silver
11141,1,POPLATEK TYDNE,970211,NRI account,2021-02-11,Diamond
2477,11,POPLATEK MESICNE,970211,NRI account,2021-02-11,Silver
1182,8,POPLATEK MESICNE,970211,Savings account,2021-02-11,Silver
2126,1,POPLATEK MESICNE,970209,NRI account,2021-02-09,Silver
1418,35,POPLATEK MESICNE,970209,Savings account,2021-02-09,Silver
2537,27,POPLATEK MESICNE,970209,Salary account,2021-02-09,Silver
598,1,POPLATEK MESICNE,970208,NRI account,2021-02-08,Silver
2262,13,POPLATEK MESICNE,970208,Savings account,2021-02-08,Silver
1616,22,POPLATEK MESICNE,970207,Salary account,2021-02-07,Silver
1498,62,POPLATEK TYDNE,970207,NRI account,2021-02-07,Diamond
2455,30,POPLATEK MESICNE,970206,Savings account,2021-02-06,Silver
3633,18,POPLATEK MESICNE,970206,Savings account,2021-02-06,Silver
4026,58,POPLATEK MESICNE,970206,NRI account,2021-02-06,Silver
3620,14,POPLATEK MESICNE,970206,Salary account,2021-02-06,Silver
4550,56,POPLATEK MESICNE,970206,Salary account,2021-02-06,Silver
2021,69,POPLATEK MESICNE,970205,Salary account,2021-02-05,Silver
11231,1,POPLATEK MESICNE,970205,NRI account,2021-02-05,Silver
4266,54,POPLATEK MESICNE,970205,Salary account,2021-02-05,Silver
605,65,POPLATEK MESICNE,970204,Savings account,2021-02-04,Silver
3990,77,POPLATEK MESICNE,970204,Savings account,2021-02-04,Silver
910,1,POPLATEK MESICNE,970203,Savings account,2021-02-03,Silver
3794,20,POPLATEK MESICNE,970203,Salary account,2021-02-03,Silver
3546,55,POPLATEK MESICNE,970203,Savings account,2021-02-03,Silver
1854,32,POPLATEK MESICNE,970202,Savings account,2021-02-02,Silver
3659,54,POPLATEK MESICNE,970201,NRI account,2021-02-01,Silver
1356,39,POPLATEK MESICNE,970201,Savings account,2021-02-01,Silver
1656,47,POPLATEK MESICNE,970201,Salary account,2021-02-01,Silver
2103,48,POPLATEK MESICNE,970201,NRI account,2021-02-01,Silver
3861,2,POPLATEK MESICNE,970130,Savings account,2021-01-30,Silver
3067,46,POPLATEK MESICNE,970130,Savings account,2021-01-30,Silver
52,16,POPLATEK MESICNE,970129,Savings account,2021-01-29,Silver
1853,7,POPLATEK MESICNE,970129,Salary account,2021-01-29,Silver
8742,70,POPLATEK MESICNE,970128,Savings account,2021-01-28,Silver
2229,1,POPLATEK MESICNE,970127,Salary account,2021-01-27,Silver
4052,36,POPLATEK TYDNE,970125,NRI account,2021-01-25,Diamond
3964,25,POPLATEK MESICNE,970125,Salary account,2021-01-25,Silver
3681,70,POPLATEK MESICNE,970125,Salary account,2021-01-25,Silver
3961,52,POPLATEK MESICNE,970124,Savings account,2021-01-24,Silver
3379,63,POPLATEK MESICNE,970124,NRI account,2021-01-24,Silver
1651,34,POPLATEK MESICNE,970123,NRI account,2021-01-23,Silver
320,47,POPLATEK MESICNE,970123,Salary account,2021-01-23,Silver
6138,54,POPLATEK MESICNE,970122,Savings account,2021-01-22,Silver
1840,21,POPLATEK MESICNE,970122,Savings account,2021-01-22,Silver
3471,63,POPLATEK MESICNE,970122,Salary account,2021-01-22,Silver
480,23,POPLATEK MESICNE,970121,Salary account,2021-01-21,Silver
2535,61,POPLATEK MESICNE,970121,Salary account,2021-01-21,Silver
9179,28,POPLATEK MESICNE,970121,Salary account,2021-01-21,Silver
2299,1,POPLATEK MESICNE,970121,Salary account,2021-01-21,Silver
364,1,POPLATEK MESICNE,970120,Savings account,2021-01-20,Silver
2696,1,POPLATEK MESICNE,970119,NRI account,2021-01-19,Silver
1214,39,POPLATEK MESICNE,970119,Savings account,2021-01-19,Silver
1262,29,POPLATEK MESICNE,970119,Salary account,2021-01-19,Silver
8320,51,POPLATEK MESICNE,970119,Salary account,2021-01-19,Silver
3910,10,POPLATEK MESICNE,970119,Savings account,2021-01-19,Silver
4534,63,POPLATEK MESICNE,970118,Savings account,2021-01-18,Silver
872,27,POPLATEK MESICNE,970118,NRI account,2021-01-18,Silver
2854,1,POPLATEK MESICNE,970118,Salary account,2021-01-18,Silver
9549,4,POPLATEK MESICNE,970117,Savings account,2021-01-17,Silver
3304,36,POPLATEK MESICNE,970116,Savings account,2021-01-16,Silver
3908,13,POPLATEK MESICNE,970116,Savings account,2021-01-16,Silver
9031,47,POPLATEK MESICNE,970115,Savings account,2021-01-15,Silver
3375,9,POPLATEK MESICNE,970115,NRI account,2021-01-15,Silver
2571,61,POPLATEK MESICNE,970115,Savings account,2021-01-15,Silver
512,68,POPLATEK MESICNE,970114,Savings account,2021-01-14,Silver
2300,36,POPLATEK MESICNE,970113,Salary account,2021-01-13,Silver
10148,34,POPLATEK MESICNE,970113,Savings account,2021-01-13,Silver
1707,75,POPLATEK MESICNE,970113,NRI account,2021-01-13,Silver
11244,33,POPLATEK MESICNE,970112,NRI account,2021-01-12,Silver
3470,8,POPLATEK MESICNE,970112,NRI account,2021-01-12,Silver
3110,48,POPLATEK MESICNE,970112,Savings account,2021-01-12,Silver
6064,49,POPLATEK MESICNE,970111,NRI account,2021-01-11,Silver
2981,46,POPLATEK MESICNE,970111,Salary account,2021-01-11,Silver
3527,44,POPLATEK MESICNE,970111,NRI account,2021-01-11,Silver
3005,42,POPLATEK PO OBRATU,970111,NRI account,2021-01-11,Gold
752,23,POPLATEK MESICNE,970110,NRI account,2021-01-10,Silver
10493,12,POPLATEK MESICNE,970109,Savings account,2021-01-09,Silver
2964,72,POPLATEK MESICNE,970109,Savings account,2021-01-09,Silver
4354,38,POPLATEK MESICNE,970108,NRI account,2021-01-08,Silver
3639,4,POPLATEK MESICNE,970108,Savings account,2021-01-08,Silver
1677,69,POPLATEK MESICNE,970108,Savings account,2021-01-08,Silver
2653,66,POPLATEK MESICNE,970108,NRI account,2021-01-08,Silver
3870,38,POPLATEK MESICNE,970108,NRI account,2021-01-08,Silver
17,1,POPLATEK MESICNE,970108,NRI account,2021-01-08,Silver
537,34,POPLATEK MESICNE,970108,Salary account,2021-01-08,Silver
294,7,POPLATEK MESICNE,970105,Savings account,2021-01-05,Silver
3540,18,POPLATEK MESICNE,970103,Savings account,2021-01-03,Silver
263,64,POPLATEK TYDNE,970103,Savings account,2021-01-03,Diamond
4660,63,POPLATEK MESICNE,970103,Savings account,2021-01-03,Silver
1221,45,POPLATEK MESICNE,970102,NRI account,2021-01-02,Silver
1860,70,POPLATEK MESICNE,970102,Savings account,2021-01-02,Silver
2689,70,POPLATEK MESICNE,970101,Salary account,2021-01-01,Silver
9730,54,POPLATEK MESICNE,970101,Savings account,2021-01-01,Silver
1387,67,POPLATEK MESICNE,970101,NRI account,2021-01-01,Silver
2637,70,POPLATEK MESICNE,970101,Savings account,2021-01-01,Silver
10404,1,POPLATEK MESICNE,961230,Savings account,2020-12-30,Silver
528,17,POPLATEK MESICNE,961230,Savings account,2020-12-30,Silver
9424,54,POPLATEK MESICNE,961230,Salary account,2020-12-30,Silver
3190,1,POPLATEK MESICNE,961230,Salary account,2020-12-30,Silver
1390,69,POPLATEK MESICNE,961230,Salary account,2020-12-30,Silver
1988,72,POPLATEK MESICNE,961230,Salary account,2020-12-30,Silver
2362,16,POPLATEK MESICNE,961230,Savings account,2020-12-30,Silver
2064,54,POPLATEK MESICNE,961230,Savings account,2020-12-30,Silver
2852,70,POPLATEK MESICNE,961229,NRI account,2020-12-29,Silver
3043,1,POPLATEK MESICNE,961229,Salary account,2020-12-29,Silver
6706,38,POPLATEK MESICNE,961228,Savings account,2020-12-28,Silver
2507,62,POPLATEK MESICNE,961228,Salary account,2020-12-28,Silver
3387,25,POPLATEK TYDNE,961228,Salary account,2020-12-28,Diamond
3991,1,POPLATEK MESICNE,961228,NRI account,2020-12-28,Silver
1056,1,POPLATEK TYDNE,961228,Salary account,2020-12-28,Diamond
7966,54,POPLATEK MESICNE,961227,Salary account,2020-12-27,Silver
2408,26,POPLATEK MESICNE,961227,Salary account,2020-12-27,Silver
592,23,POPLATEK MESICNE,961227,Savings account,2020-12-27,Silver
1195,42,POPLATEK MESICNE,961227,NRI account,2020-12-27,Silver
2261,1,POPLATEK TYDNE,961227,Savings account,2020-12-27,Diamond
8341,64,POPLATEK MESICNE,961227,NRI account,2020-12-27,Silver
252,19,POPLATEK MESICNE,961226,NRI account,2020-12-26,Silver
7045,51,POPLATEK MESICNE,961226,Salary account,2020-12-26,Silver
3941,7,POPLATEK MESICNE,961226,Salary account,2020-12-26,Silver
2761,1,POPLATEK MESICNE,961226,Savings account,2020-12-26,Silver
2699,73,POPLATEK MESICNE,961225,NRI account,2020-12-25,Silver
935,23,POPLATEK MESICNE,961225,NRI account,2020-12-25,Silver
2777,62,POPLATEK MESICNE,961225,NRI account,2020-12-25,Silver
1659,46,POPLATEK MESICNE,961225,Savings account,2020-12-25,Silver
1884,54,POPLATEK MESICNE,961224,NRI account,2020-12-24,Silver
434,1,POPLATEK MESICNE,961224,Savings account,2020-12-24,Silver
2875,19,POPLATEK MESICNE,961224,NRI account,2020-12-24,Silver
2532,38,POPLATEK MESICNE,961224,NRI account,2020-12-24,Silver
3029,42,POPLATEK MESICNE,961224,Salary account,2020-12-24,Silver
2356,34,POPLATEK TYDNE,961223,Salary account,2020-12-23,Diamond
333,73,POPLATEK MESICNE,961223,Salary account,2020-12-23,Silver
2441,47,POPLATEK MESICNE,961222,Savings account,2020-12-22,Silver
193,69,POPLATEK MESICNE,961222,NRI account,2020-12-22,Silver
3390,12,POPLATEK TYDNE,961222,Savings account,2020-12-22,Diamond
3393,4,POPLATEK MESICNE,961222,Savings account,2020-12-22,Silver
440,29,POPLATEK MESICNE,961222,Savings account,2020-12-22,Silver
4454,63,POPLATEK MESICNE,961221,NRI account,2020-12-21,Silver
595,20,POPLATEK MESICNE,961221,NRI account,2020-12-21,Silver
1391,15,POPLATEK MESICNE,961221,Salary account,2020-12-21,Silver
3438,35,POPLATEK MESICNE,961221,NRI account,2020-12-21,Silver
1553,59,POPLATEK MESICNE,961221,NRI account,2020-12-21,Silver
10645,2,POPLATEK MESICNE,961221,Salary account,2020-12-21,Silver
2531,51,POPLATEK MESICNE,961221,Savings account,2020-12-21,Silver
1081,64,POPLATEK MESICNE,961221,Savings account,2020-12-21,Silver
3182,6,POPLATEK MESICNE,961220,NRI account,2020-12-20,Silver
765,12,POPLATEK MESICNE,961220,Savings account,2020-12-20,Silver
3412,31,POPLATEK MESICNE,961220,NRI account,2020-12-20,Silver
2610,54,POPLATEK MESICNE,961220,Savings account,2020-12-20,Silver
7465,1,POPLATEK TYDNE,961219,Savings account,2020-12-19,Diamond
1362,1,POPLATEK MESICNE,961219,NRI account,2020-12-19,Silver
4794,72,POPLATEK MESICNE,961218,Savings account,2020-12-18,Silver
2827,70,POPLATEK MESICNE,961218,Salary account,2020-12-18,Silver
3024,1,POPLATEK MESICNE,961218,Salary account,2020-12-18,Silver
1618,6,POPLATEK MESICNE,961218,NRI account,2020-12-18,Silver
6510,74,POPLATEK MESICNE,961218,NRI account,2020-12-18,Silver
2386,12,POPLATEK MESICNE,961217,NRI account,2020-12-17,Silver
3411,19,POPLATEK MESICNE,961217,Salary account,2020-12-17,Silver
505,64,POPLATEK MESICNE,961216,NRI account,2020-12-16,Silver
1817,10,POPLATEK MESICNE,961216,Savings account,2020-12-16,Silver
3125,37,POPLATEK MESICNE,961216,Savings account,2020-12-16,Silver
2734,53,POPLATEK MESICNE,961216,NRI account,2020-12-16,Silver
3137,39,POPLATEK MESICNE,961215,Savings account,2020-12-15,Silver
2376,71,POPLATEK MESICNE,961214,Salary account,2020-12-14,Silver
2995,51,POPLATEK MESICNE,961214,Salary account,2020-12-14,Silver
3984,51,POPLATEK MESICNE,961214,Savings account,2020-12-14,Silver
659,63,POPLATEK MESICNE,961214,Salary account,2020-12-14,Silver
3452,63,POPLATEK MESICNE,961213,Savings account,2020-12-13,Silver
3450,1,POPLATEK MESICNE,961213,NRI account,2020-12-13,Silver
1557,66,POPLATEK MESICNE,961213,Savings account,2020-12-13,Silver
1316,42,POPLATEK MESICNE,961213,Salary account,2020-12-13,Silver
3893,42,POPLATEK MESICNE,961213,NRI account,2020-12-13,Silver
2873,70,POPLATEK MESICNE,961213,Savings account,2020-12-13,Silver
3962,54,POPLATEK MESICNE,961213,NRI account,2020-12-13,Silver
1218,1,POPLATEK MESICNE,961212,Salary account,2020-12-12,Silver
561,11,POPLATEK MESICNE,961212,NRI account,2020-12-12,Silver
4631,77,POPLATEK PO OBRATU,961212,NRI account,2020-12-12,Gold
1055,29,POPLATEK MESICNE,961212,Salary account,2020-12-12,Silver
9153,9,POPLATEK MESICNE,961212,Savings account,2020-12-12,Silver
1368,22,POPLATEK MESICNE,961212,Salary account,2020-12-12,Silver
1587,1,POPLATEK MESICNE,961211,NRI account,2020-12-11,Silver
905,35,POPLATEK MESICNE,961211,NRI account,2020-12-11,Silver
980,1,POPLATEK MESICNE,961211,Salary account,2020-12-11,Silver
3430,9,POPLATEK MESICNE,961210,NRI account,2020-12-10,Silver
11096,28,POPLATEK MESICNE,961210,Salary account,2020-12-10,Silver
3090,1,POPLATEK MESICNE,961210,Savings account,2020-12-10,Silver
5817,77,POPLATEK PO OBRATU,961210,Salary account,2020-12-10,Gold
3290,19,POPLATEK MESICNE,961209,Salary account,2020-12-09,Silver
2963,31,POPLATEK MESICNE,961209,Savings account,2020-12-09,Silver
1361,46,POPLATEK MESICNE,961209,Salary account,2020-12-09,Silver
664,1,POPLATEK MESICNE,961208,NRI account,2020-12-08,Silver
5133,68,POPLATEK TYDNE,961208,Salary account,2020-12-08,Diamond
880,26,POPLATEK MESICNE,961208,Salary account,2020-12-08,Silver
1482,38,POPLATEK MESICNE,961208,Savings account,2020-12-08,Silver
7176,1,POPLATEK MESICNE,961207,NRI account,2020-12-07,Silver
8225,50,POPLATEK MESICNE,961207,NRI account,2020-12-07,Silver
1083,45,POPLATEK MESICNE,961206,Salary account,2020-12-06,Silver
2286,70,POPLATEK MESICNE,961206,Salary account,2020-12-06,Silver
2060,13,POPLATEK MESICNE,961205,Savings account,2020-12-05,Silver
2115,8,POPLATEK MESICNE,961205,NRI account,2020-12-05,Silver
24,74,POPLATEK MESICNE,961205,Salary account,2020-12-05,Silver
2544,38,POPLATEK MESICNE,961204,Savings account,2020-12-04,Silver
599,54,POPLATEK MESICNE,961204,NRI account,2020-12-04,Silver
2590,47,POPLATEK MESICNE,961204,Salary account,2020-12-04,Silver
2589,10,POPLATEK MESICNE,961204,Salary account,2020-12-04,Silver
2545,1,POPLATEK MESICNE,961204,Savings account,2020-12-04,Silver
1735,42,POPLATEK MESICNE,961204,Salary account,2020-12-04,Silver
3312,30,POPLATEK MESICNE,961204,Savings account,2020-12-04,Silver
2916,6,POPLATEK MESICNE,961203,Savings account,2020-12-03,Silver
3018,34,POPLATEK MESICNE,961203,Savings account,2020-12-03,Silver
249,28,POPLATEK MESICNE,961203,Savings account,2020-12-03,Silver
3602,18,POPLATEK MESICNE,961203,NRI account,2020-12-03,Silver
3856,45,POPLATEK MESICNE,961203,Salary account,2020-12-03,Silver
805,10,POPLATEK MESICNE,961202,NRI account,2020-12-02,Silver
3377,74,POPLATEK MESICNE,961202,NRI account,2020-12-02,Silver
1296,50,POPLATEK MESICNE,961202,Savings account,2020-12-02,Silver
1435,1,POPLATEK MESICNE,961201,Salary account,2020-12-01,Silver
3507,9,POPLATEK MESICNE,961201,Savings account,2020-12-01,Silver
712,72,POPLATEK MESICNE,961201,Salary account,2020-12-01,Silver
10280,69,POPLATEK MESICNE,961201,Salary account,2020-12-01,Silver
1754,52,POPLATEK MESICNE,961201,Savings account,2020-12-01,Silver
79,3,POPLATEK MESICNE,961129,NRI account,2020-11-29,Silver
3799,74,POPLATEK MESICNE,961129,NRI account,2020-11-29,Silver
1460,54,POPLATEK MESICNE,961129,NRI account,2020-11-29,Silver
7745,2,POPLATEK MESICNE,961129,Savings account,2020-11-29,Silver
14,47,POPLATEK MESICNE,961127,Salary account,2020-11-27,Silver
549,5,POPLATEK MESICNE,961127,NRI account,2020-11-27,Silver
143,21,POPLATEK MESICNE,961127,NRI account,2020-11-27,Silver
1943,9,POPLATEK MESICNE,961126,NRI account,2020-11-26,Silver
2090,40,POPLATEK MESICNE,961126,Savings account,2020-11-26,Silver
2636,18,POPLATEK MESICNE,961126,Savings account,2020-11-26,Silver
8523,54,POPLATEK MESICNE,961125,NRI account,2020-11-25,Silver
2398,70,POPLATEK MESICNE,961125,Salary account,2020-11-25,Silver
1712,44,POPLATEK MESICNE,961125,Savings account,2020-11-25,Silver
3282,1,POPLATEK MESICNE,961124,Salary account,2020-11-24,Silver
330,42,POPLATEK MESICNE,961124,Salary account,2020-11-24,Silver
1242,74,POPLATEK PO OBRATU,961124,Salary account,2020-11-24,Gold
1393,1,POPLATEK MESICNE,961124,Savings account,2020-11-24,Silver
2303,41,POPLATEK MESICNE,961124,NRI account,2020-11-24,Silver
3708,64,POPLATEK MESICNE,961124,Salary account,2020-11-24,Silver
209,37,POPLATEK MESICNE,961124,Savings account,2020-11-24,Silver
8094,67,POPLATEK MESICNE,961124,Savings account,2020-11-24,Silver
2601,70,POPLATEK MESICNE,961124,NRI account,2020-11-24,Silver
7,60,POPLATEK MESICNE,961124,Salary account,2020-11-24,Silver
1347,8,POPLATEK MESICNE,961124,Salary account,2020-11-24,Silver
546,8,POPLATEK MESICNE,961123,Savings account,2020-11-23,Silver
3862,1,POPLATEK MESICNE,961123,Salary account,2020-11-23,Silver
2898,54,POPLATEK MESICNE,961123,Salary account,2020-11-23,Silver
3517,26,POPLATEK MESICNE,961122,Salary account,2020-11-22,Silver
2264,41,POPLATEK MESICNE,961122,Savings account,2020-11-22,Silver
8688,66,POPLATEK MESICNE,961122,Savings account,2020-11-22,Silver
513,58,POPLATEK MESICNE,961121,Salary account,2020-11-21,Silver
1549,21,POPLATEK MESICNE,961121,Savings account,2020-11-21,Silver
3093,16,POPLATEK MESICNE,961121,Savings account,2020-11-21,Silver
10905,32,POPLATEK MESICNE,961121,Savings account,2020-11-21,Silver
2234,3,POPLATEK MESICNE,961121,Salary account,2020-11-21,Silver
2285,36,POPLATEK MESICNE,961121,Savings account,2020-11-21,Silver
3809,1,POPLATEK MESICNE,961121,NRI account,2020-11-21,Silver
1546,15,POPLATEK MESICNE,961120,Salary account,2020-11-20,Silver
2826,35,POPLATEK MESICNE,961120,Salary account,2020-11-20,Silver
797,57,POPLATEK MESICNE,961120,NRI account,2020-11-20,Silver
530,54,POPLATEK MESICNE,961119,NRI account,2020-11-19,Silver
508,74,POPLATEK MESICNE,961119,NRI account,2020-11-19,Silver
341,28,POPLATEK MESICNE,961119,Savings account,2020-11-19,Silver
3256,40,POPLATEK MESICNE,961119,Savings account,2020-11-19,Silver
4033,57,POPLATEK MESICNE,961119,Salary account,2020-11-19,Silver
5878,76,POPLATEK MESICNE,961119,Savings account,2020-11-19,Silver
77,63,POPLATEK MESICNE,961119,Savings account,2020-11-19,Silver
1320,58,POPLATEK MESICNE,961118,Savings account,2020-11-18,Silver
3376,58,POPLATEK MESICNE,961117,NRI account,2020-11-17,Silver
1260,5,POPLATEK MESICNE,961117,Savings account,2020-11-17,Silver
1021,42,POPLATEK MESICNE,961117,Salary account,2020-11-17,Silver
48,21,POPLATEK MESICNE,961117,Savings account,2020-11-17,Silver
4069,38,POPLATEK MESICNE,961117,Salary account,2020-11-17,Silver
3564,14,POPLATEK MESICNE,961117,NRI account,2020-11-17,Silver
63,22,POPLATEK MESICNE,961116,Salary account,2020-11-16,Silver
1991,1,POPLATEK MESICNE,961116,NRI account,2020-11-16,Silver
3291,45,POPLATEK MESICNE,961116,NRI account,2020-11-16,Silver
2385,60,POPLATEK MESICNE,961115,Savings account,2020-11-15,Silver
2032,36,POPLATEK MESICNE,961114,Salary account,2020-11-14,Silver
570,3,POPLATEK MESICNE,961114,Savings account,2020-11-14,Silver
993,6,POPLATEK MESICNE,961114,NRI account,2020-11-14,Silver
3884,1,POPLATEK MESICNE,961114,Salary account,2020-11-14,Silver
3765,32,POPLATEK MESICNE,961114,NRI account,2020-11-14,Silver
3589,5,POPLATEK MESICNE,961113,NRI account,2020-11-13,Silver
2967,38,POPLATEK MESICNE,961113,NRI account,2020-11-13,Silver
3437,1,POPLATEK MESICNE,961113,NRI account,2020-11-13,Silver
4102,60,POPLATEK MESICNE,961113,NRI account,2020-11-13,Silver
3498,31,POPLATEK MESICNE,961112,Salary account,2020-11-12,Silver
2258,3,POPLATEK MESICNE,961112,Savings account,2020-11-12,Silver
3177,74,POPLATEK MESICNE,961112,Salary account,2020-11-12,Silver
1638,6,POPLATEK TYDNE,961112,Savings account,2020-11-12,Diamond
3819,69,POPLATEK MESICNE,961111,Salary account,2020-11-11,Silver
6157,34,POPLATEK MESICNE,961111,Salary account,2020-11-11,Silver
1326,52,POPLATEK MESICNE,961111,NRI account,2020-11-11,Silver
4286,43,POPLATEK MESICNE,961111,Savings account,2020-11-11,Silver
3224,55,POPLATEK MESICNE,961110,Salary account,2020-11-10,Silver
829,59,POPLATEK MESICNE,961110,Savings account,2020-11-10,Silver
511,14,POPLATEK MESICNE,961110,NRI account,2020-11-10,Silver
3560,57,POPLATEK MESICNE,961110,Salary account,2020-11-10,Silver
1555,34,POPLATEK MESICNE,961110,Savings account,2020-11-10,Silver
2160,72,POPLATEK MESICNE,961110,Salary account,2020-11-10,Silver
4383,73,POPLATEK MESICNE,961110,NRI account,2020-11-10,Silver
2517,55,POPLATEK PO OBRATU,961110,Savings account,2020-11-10,Gold
2107,70,POPLATEK MESICNE,961109,Salary account,2020-11-09,Silver
9333,36,POPLATEK MESICNE,961108,Savings account,2020-11-08,Silver
4753,1,POPLATEK MESICNE,961107,Savings account,2020-11-07,Silver
9528,19,POPLATEK MESICNE,961107,Salary account,2020-11-07,Silver
91,17,POPLATEK MESICNE,961106,NRI account,2020-11-06,Silver
3615,46,POPLATEK MESICNE,961105,NRI account,2020-11-05,Silver
1324,42,POPLATEK MESICNE,961105,Savings account,2020-11-05,Silver
431,18,POPLATEK MESICNE,961105,NRI account,2020-11-05,Silver
11328,54,POPLATEK MESICNE,961105,NRI account,2020-11-05,Silver
3626,51,POPLATEK MESICNE,961105,Savings account,2020-11-05,Silver
1899,26,POPLATEK MESICNE,961105,NRI account,2020-11-05,Silver
2130,46,POPLATEK MESICNE,961104,NRI account,2020-11-04,Silver
714,23,POPLATEK MESICNE,961104,Salary account,2020-11-04,Silver
255,68,POPLATEK MESICNE,961103,Savings account,2020-11-03,Silver
2193,44,POPLATEK MESICNE,961103,NRI account,2020-11-03,Silver
9455,73,POPLATEK MESICNE,961103,NRI account,2020-11-03,Silver
3557,72,POPLATEK MESICNE,961102,Salary account,2020-11-02,Silver
1663,55,POPLATEK MESICNE,961102,Savings account,2020-11-02,Silver
6265,5,POPLATEK MESICNE,961101,NRI account,2020-11-01,Silver
1683,77,POPLATEK MESICNE,961101,Savings account,2020-11-01,Silver
6440,1,POPLATEK MESICNE,961101,Salary account,2020-11-01,Silver
926,36,POPLATEK MESICNE,961101,Savings account,2020-11-01,Silver
2685,67,POPLATEK MESICNE,961101,NRI account,2020-11-01,Silver
2279,2,POPLATEK TYDNE,961030,Salary account,2020-10-30,Diamond
1478,5,POPLATEK MESICNE,961030,Salary account,2020-10-30,Silver
3228,29,POPLATEK MESICNE,961030,NRI account,2020-10-30,Silver
221,19,POPLATEK MESICNE,961030,NRI account,2020-10-30,Silver
3022,64,POPLATEK MESICNE,961030,NRI account,2020-10-30,Silver
122,31,POPLATEK MESICNE,961030,Savings account,2020-10-30,Silver
2418,64,POPLATEK MESICNE,961029,Savings account,2020-10-29,Silver
806,13,POPLATEK MESICNE,961029,Salary account,2020-10-29,Silver
65,36,POPLATEK MESICNE,961029,Savings account,2020-10-29,Silver
9201,69,POPLATEK MESICNE,961028,Savings account,2020-10-28,Silver
888,54,POPLATEK MESICNE,961028,Salary account,2020-10-28,Silver
4715,8,POPLATEK MESICNE,961028,Savings account,2020-10-28,Silver
3956,6,POPLATEK MESICNE,961028,Salary account,2020-10-28,Silver
4375,39,POPLATEK MESICNE,961028,Savings account,2020-10-28,Silver
1855,34,POPLATEK MESICNE,961027,NRI account,2020-10-27,Silver
224,15,POPLATEK MESICNE,961027,Salary account,2020-10-27,Silver
281,1,POPLATEK MESICNE,961027,NRI account,2020-10-27,Silver
199,70,POPLATEK MESICNE,961026,Savings account,2020-10-26,Silver
778,68,POPLATEK MESICNE,961026,NRI account,2020-10-26,Silver
3811,1,POPLATEK MESICNE,961026,NRI account,2020-10-26,Silver
1785,52,POPLATEK MESICNE,961025,NRI account,2020-10-25,Silver
5912,45,POPLATEK MESICNE,961025,Salary account,2020-10-25,Silver
1176,19,POPLATEK MESICNE,961024,NRI account,2020-10-24,Silver
272,11,POPLATEK MESICNE,961023,Salary account,2020-10-23,Silver
366,1,POPLATEK MESICNE,961023,Salary account,2020-10-23,Silver
1226,1,POPLATEK MESICNE,961023,Salary account,2020-10-23,Silver
2759,46,POPLATEK MESICNE,961023,Salary account,2020-10-23,Silver
6902,60,POPLATEK MESICNE,961022,Savings account,2020-10-22,Silver
3877,59,POPLATEK MESICNE,961022,Salary account,2020-10-22,Silver
2290,37,POPLATEK MESICNE,961022,Savings account,2020-10-22,Silver
1330,68,POPLATEK MESICNE,961022,NRI account,2020-10-22,Silver
9037,1,POPLATEK MESICNE,961022,Salary account,2020-10-22,Silver
1464,73,POPLATEK MESICNE,961021,NRI account,2020-10-21,Silver
1819,55,POPLATEK TYDNE,961021,Savings account,2020-10-21,Diamond
2502,32,POPLATEK MESICNE,961021,Savings account,2020-10-21,Silver
1888,6,POPLATEK MESICNE,961021,Salary account,2020-10-21,Silver
5317,28,POPLATEK MESICNE,961020,NRI account,2020-10-20,Silver
6592,1,POPLATEK MESICNE,961020,Salary account,2020-10-20,Silver
1060,6,POPLATEK MESICNE,961020,Savings account,2020-10-20,Silver
473,73,POPLATEK MESICNE,961020,NRI account,2020-10-20,Silver
1745,53,POPLATEK MESICNE,961019,Salary account,2020-10-19,Silver
1090,69,POPLATEK MESICNE,961019,NRI account,2020-10-19,Silver
329,3,POPLATEK MESICNE,961019,NRI account,2020-10-19,Silver
975,1,POPLATEK MESICNE,961019,NRI account,2020-10-19,Silver
3143,38,POPLATEK MESICNE,961018,NRI account,2020-10-18,Silver
2709,2,POPLATEK MESICNE,961018,Savings account,2020-10-18,Silver
1541,60,POPLATEK MESICNE,961018,NRI account,2020-10-18,Silver
305,34,POPLATEK MESICNE,961018,NRI account,2020-10-18,Silver
3690,67,POPLATEK PO OBRATU,961018,Savings account,2020-10-18,Gold
3766,29,POPLATEK PO OBRATU,961018,Savings account,2020-10-18,Gold
3454,32,POPLATEK MESICNE,961017,Savings account,2020-10-17,Silver
2046,68,POPLATEK MESICNE,961017,NRI account,2020-10-17,Silver
1492,24,POPLATEK MESICNE,961017,Salary account,2020-10-17,Silver
3776,1,POPLATEK MESICNE,961016,Salary account,2020-10-16,Silver
1577,67,POPLATEK MESICNE,961016,NRI account,2020-10-16,Silver
8784,1,POPLATEK MESICNE,961016,Salary account,2020-10-16,Silver
1645,50,POPLATEK MESICNE,961016,NRI account,2020-10-16,Silver
713,58,POPLATEK MESICNE,961015,NRI account,2020-10-15,Silver
11325,62,POPLATEK MESICNE,961015,Savings account,2020-10-15,Silver
8628,2,POPLATEK PO OBRATU,961015,Savings account,2020-10-15,Gold
4493,61,POPLATEK PO OBRATU,961015,Salary account,2020-10-15,Gold
410,49,POPLATEK MESICNE,961015,Savings account,2020-10-15,Silver
2988,66,POPLATEK PO OBRATU,961014,Salary account,2020-10-14,Gold
3314,25,POPLATEK MESICNE,961014,Salary account,2020-10-14,Silver
4949,33,POPLATEK MESICNE,961014,Savings account,2020-10-14,Silver
9677,8,POPLATEK MESICNE,961013,NRI account,2020-10-13,Silver
342,64,POPLATEK MESICNE,961013,NRI account,2020-10-13,Silver
536,14,POPLATEK MESICNE,961013,NRI account,2020-10-13,Silver
350,47,POPLATEK MESICNE,961013,Savings account,2020-10-13,Silver
2475,17,POPLATEK MESICNE,961013,Savings account,2020-10-13,Silver
10063,4,POPLATEK TYDNE,961013,Salary account,2020-10-13,Diamond
581,26,POPLATEK MESICNE,961013,Savings account,2020-10-13,Silver
6950,36,POPLATEK MESICNE,961012,Savings account,2020-10-12,Silver
3271,8,POPLATEK MESICNE,961012,NRI account,2020-10-12,Silver
3329,3,POPLATEK MESICNE,961012,Savings account,2020-10-12,Silver
4090,72,POPLATEK MESICNE,961011,Savings account,2020-10-11,Silver
3249,74,POPLATEK MESICNE,961011,Savings account,2020-10-11,Silver
472,8,POPLATEK MESICNE,961011,Salary account,2020-10-11,Silver
1777,60,POPLATEK MESICNE,961010,NRI account,2020-10-10,Silver
1003,28,POPLATEK MESICNE,961010,Savings account,2020-10-10,Silver
3394,23,POPLATEK MESICNE,961009,Salary account,2020-10-09,Silver
7636,40,POPLATEK MESICNE,961008,Savings account,2020-10-08,Silver
3175,50,POPLATEK MESICNE,961008,NRI account,2020-10-08,Silver
1812,31,POPLATEK MESICNE,961008,NRI account,2020-10-08,Silver
10607,52,POPLATEK MESICNE,961008,Savings account,2020-10-08,Silver
2999,66,POPLATEK MESICNE,961008,NRI account,2020-10-08,Silver
921,10,POPLATEK MESICNE,961008,Salary account,2020-10-08,Silver
2934,1,POPLATEK MESICNE,961008,Salary account,2020-10-08,Silver
261,54,POPLATEK MESICNE,961007,NRI account,2020-10-07,Silver
2240,36,POPLATEK MESICNE,961007,NRI account,2020-10-07,Silver
2657,55,POPLATEK MESICNE,961007,Savings account,2020-10-07,Silver
1558,32,POPLATEK MESICNE,961006,NRI account,2020-10-06,Silver
2465,57,POPLATEK MESICNE,961006,Savings account,2020-10-06,Silver
814,76,POPLATEK MESICNE,961006,Salary account,2020-10-06,Silver
325,75,POPLATEK MESICNE,961006,Savings account,2020-10-06,Silver
3904,18,POPLATEK MESICNE,961005,NRI account,2020-10-05,Silver
2252,1,POPLATEK MESICNE,961005,NRI account,2020-10-05,Silver
826,44,POPLATEK MESICNE,961005,Salary account,2020-10-05,Silver
1008,13,POPLATEK MESICNE,961005,NRI account,2020-10-05,Silver
3913,23,POPLATEK MESICNE,961004,NRI account,2020-10-04,Silver
822,40,POPLATEK MESICNE,961004,Salary account,2020-10-04,Silver
1155,43,POPLATEK MESICNE,961004,NRI account,2020-10-04,Silver
2807,42,POPLATEK MESICNE,961004,Salary account,2020-10-04,Silver
1751,53,POPLATEK MESICNE,961004,NRI account,2020-10-04,Silver
3158,71,POPLATEK MESICNE,961003,NRI account,2020-10-03,Silver
3071,41,POPLATEK MESICNE,961003,Savings account,2020-10-03,Silver
1586,1,POPLATEK MESICNE,961003,Salary account,2020-10-03,Silver
3232,37,POPLATEK MESICNE,961002,Salary account,2020-10-02,Silver
618,1,POPLATEK MESICNE,961002,Savings account,2020-10-02,Silver
1502,1,POPLATEK MESICNE,961002,NRI account,2020-10-02,Silver
10857,50,POPLATEK MESICNE,961002,Savings account,2020-10-02,Silver
692,69,POPLATEK MESICNE,961002,Savings account,2020-10-02,Silver
3843,62,POPLATEK MESICNE,961002,Salary account,2020-10-02,Silver
569,76,POPLATEK MESICNE,961001,Salary account,2020-10-01,Silver
1500,43,POPLATEK MESICNE,961001,Savings account,2020-10-01,Silver
2561,59,POPLATEK MESICNE,960929,NRI account,2020-09-29,Silver
972,46,POPLATEK MESICNE,960929,Salary account,2020-09-29,Silver
698,71,POPLATEK MESICNE,960929,NRI account,2020-09-29,Silver
2294,46,POPLATEK MESICNE,960929,Salary account,2020-09-29,Silver
2373,14,POPLATEK MESICNE,960929,Salary account,2020-09-29,Silver
241,15,POPLATEK MESICNE,960929,NRI account,2020-09-29,Silver
2483,1,POPLATEK MESICNE,960929,Salary account,2020-09-29,Silver
2083,1,POPLATEK MESICNE,960928,NRI account,2020-09-28,Silver
1823,3,POPLATEK MESICNE,960928,Salary account,2020-09-28,Silver
2955,67,POPLATEK MESICNE,960927,Salary account,2020-09-27,Silver
3446,6,POPLATEK PO OBRATU,960927,NRI account,2020-09-27,Gold
3339,1,POPLATEK MESICNE,960927,Salary account,2020-09-27,Silver
1631,10,POPLATEK MESICNE,960927,Savings account,2020-09-27,Silver
2869,68,POPLATEK MESICNE,960927,NRI account,2020-09-27,Silver
3399,63,POPLATEK MESICNE,960926,Savings account,2020-09-26,Silver
1374,53,POPLATEK MESICNE,960926,Salary account,2020-09-26,Silver
1463,32,POPLATEK MESICNE,960925,NRI account,2020-09-25,Silver
3894,52,POPLATEK MESICNE,960925,NRI account,2020-09-25,Silver
2091,1,POPLATEK MESICNE,960925,NRI account,2020-09-25,Silver
1377,1,POPLATEK MESICNE,960925,Salary account,2020-09-25,Silver
9241,74,POPLATEK MESICNE,960925,Savings account,2020-09-25,Silver
1308,54,POPLATEK MESICNE,960925,Savings account,2020-09-25,Silver
1370,52,POPLATEK MESICNE,960925,NRI account,2020-09-25,Silver
770,7,POPLATEK MESICNE,960924,Salary account,2020-09-24,Silver
2332,77,POPLATEK MESICNE,960924,NRI account,2020-09-24,Silver
1100,35,POPLATEK MESICNE,960923,NRI account,2020-09-23,Silver
1484,70,POPLATEK MESICNE,960923,Salary account,2020-09-23,Silver
2801,11,POPLATEK MESICNE,960923,NRI account,2020-09-23,Silver
1113,8,POPLATEK MESICNE,960923,Savings account,2020-09-23,Silver
3967,54,POPLATEK MESICNE,960922,Salary account,2020-09-22,Silver
1173,11,POPLATEK MESICNE,960922,Salary account,2020-09-22,Silver
7632,68,POPLATEK MESICNE,960922,Salary account,2020-09-22,Silver
2339,63,POPLATEK MESICNE,960922,Savings account,2020-09-22,Silver
2640,1,POPLATEK MESICNE,960921,Savings account,2020-09-21,Silver
2921,54,POPLATEK MESICNE,960921,Salary account,2020-09-21,Silver
3431,64,POPLATEK MESICNE,960921,NRI account,2020-09-21,Silver
3179,71,POPLATEK MESICNE,960920,Savings account,2020-09-20,Silver
2906,49,POPLATEK MESICNE,960920,Savings account,2020-09-20,Silver
1538,22,POPLATEK MESICNE,960920,NRI account,2020-09-20,Silver
6083,6,POPLATEK TYDNE,960919,Salary account,2020-09-19,Diamond
1669,39,POPLATEK MESICNE,960919,Savings account,2020-09-19,Silver
8268,59,POPLATEK MESICNE,960919,Savings account,2020-09-19,Silver
1063,68,POPLATEK MESICNE,960919,Salary account,2020-09-19,Silver
1532,54,POPLATEK MESICNE,960919,Savings account,2020-09-19,Silver
1957,33,POPLATEK MESICNE,960918,NRI account,2020-09-18,Silver
3569,1,POPLATEK MESICNE,960918,Savings account,2020-09-18,Silver
10789,75,POPLATEK MESICNE,960918,Savings account,2020-09-18,Silver
831,44,POPLATEK MESICNE,960918,Salary account,2020-09-18,Silver
3191,72,POPLATEK MESICNE,960917,NRI account,2020-09-17,Silver
2076,18,POPLATEK MESICNE,960917,NRI account,2020-09-17,Silver
1002,50,POPLATEK MESICNE,960917,NRI account,2020-09-17,Silver
8381,14,POPLATEK MESICNE,960917,Savings account,2020-09-17,Silver
2275,1,POPLATEK MESICNE,960916,Savings account,2020-09-16,Silver
5305,47,POPLATEK MESICNE,960916,Salary account,2020-09-16,Silver
1329,53,POPLATEK MESICNE,960916,Savings account,2020-09-16,Silver
3098,1,POPLATEK MESICNE,960916,Salary account,2020-09-16,Silver
4349,74,POPLATEK MESICNE,960916,Savings account,2020-09-16,Silver
2990,30,POPLATEK MESICNE,960916,NRI account,2020-09-16,Silver
3800,30,POPLATEK MESICNE,960916,Salary account,2020-09-16,Silver
1556,54,POPLATEK MESICNE,960915,Savings account,2020-09-15,Silver
6075,19,POPLATEK MESICNE,960915,Salary account,2020-09-15,Silver
1066,16,POPLATEK TYDNE,960915,Savings account,2020-09-15,Diamond
3044,72,POPLATEK MESICNE,960914,Salary account,2020-09-14,Silver
3499,51,POPLATEK MESICNE,960914,Salary account,2020-09-14,Silver
1474,63,POPLATEK MESICNE,960914,NRI account,2020-09-14,Silver
2026,64,POPLATEK MESICNE,960914,Savings account,2020-09-14,Silver
164,60,POPLATEK MESICNE,960913,NRI account,2020-09-13,Silver
1799,9,POPLATEK MESICNE,960913,Savings account,2020-09-13,Silver
1600,1,POPLATEK MESICNE,960913,NRI account,2020-09-13,Silver
2164,63,POPLATEK MESICNE,960912,NRI account,2020-09-12,Silver
3508,42,POPLATEK MESICNE,960912,Savings account,2020-09-12,Silver
2156,1,POPLATEK MESICNE,960911,Salary account,2020-09-11,Silver
2349,72,POPLATEK MESICNE,960911,Savings account,2020-09-11,Silver
2614,44,POPLATEK MESICNE,960911,Savings account,2020-09-11,Silver
339,46,POPLATEK TYDNE,960911,Salary account,2020-09-11,Diamond
1067,34,POPLATEK MESICNE,960910,Savings account,2020-09-10,Silver
2629,66,POPLATEK MESICNE,960910,NRI account,2020-09-10,Silver
1774,61,POPLATEK MESICNE,960910,Salary account,2020-09-10,Silver
2045,34,POPLATEK MESICNE,960909,Savings account,2020-09-09,Silver
2058,34,POPLATEK MESICNE,960909,Savings account,2020-09-09,Silver
1190,52,POPLATEK MESICNE,960909,NRI account,2020-09-09,Silver
297,74,POPLATEK MESICNE,960908,Savings account,2020-09-08,Silver
2914,4,POPLATEK MESICNE,960908,Savings account,2020-09-08,Silver
4405,41,POPLATEK MESICNE,960908,Salary account,2020-09-08,Silver
2084,44,POPLATEK MESICNE,960908,Salary account,2020-09-08,Silver
1408,10,POPLATEK MESICNE,960907,Savings account,2020-09-07,Silver
125,2,POPLATEK PO OBRATU,960907,NRI account,2020-09-07,Gold
2655,1,POPLATEK MESICNE,960907,NRI account,2020-09-07,Silver
2314,2,POPLATEK MESICNE,960907,Salary account,2020-09-07,Silver
7082,57,POPLATEK MESICNE,960906,Salary account,2020-09-06,Silver
1910,60,POPLATEK MESICNE,960906,NRI account,2020-09-06,Silver
5362,76,POPLATEK TYDNE,960906,Salary account,2020-09-06,Diamond
920,58,POPLATEK MESICNE,960905,Savings account,2020-09-05,Silver
1525,57,POPLATEK MESICNE,960905,NRI account,2020-09-05,Silver
1997,74,POPLATEK MESICNE,960905,Savings account,2020-09-05,Silver
1679,68,POPLATEK MESICNE,960905,Salary account,2020-09-05,Silver
174,52,POPLATEK MESICNE,960904,NRI account,2020-09-04,Silver
694,67,POPLATEK MESICNE,960904,NRI account,2020-09-04,Silver
2885,1,POPLATEK MESICNE,960904,Savings account,2020-09-04,Silver
2872,1,POPLATEK MESICNE,960904,Savings account,2020-09-04,Silver
3126,17,POPLATEK MESICNE,960903,NRI account,2020-09-03,Silver
1293,40,POPLATEK MESICNE,960903,Salary account,2020-09-03,Silver
406,63,POPLATEK MESICNE,960903,NRI account,2020-09-03,Silver
4456,14,POPLATEK MESICNE,960903,Savings account,2020-09-03,Silver
3418,42,POPLATEK PO OBRATU,960902,Savings account,2020-09-02,Gold
871,1,POPLATEK MESICNE,960902,Savings account,2020-09-02,Silver
2953,1,POPLATEK MESICNE,960902,Savings account,2020-09-02,Silver
1258,3,POPLATEK MESICNE,960901,Savings account,2020-09-01,Silver
812,1,POPLATEK MESICNE,960830,Salary account,2020-08-30,Silver
3774,72,POPLATEK MESICNE,960830,NRI account,2020-08-30,Silver
3272,53,POPLATEK MESICNE,960830,NRI account,2020-08-30,Silver
7990,9,POPLATEK MESICNE,960830,Salary account,2020-08-30,Silver
7262,70,POPLATEK MESICNE,960830,Salary account,2020-08-30,Silver
3504,70,POPLATEK MESICNE,960830,Salary account,2020-08-30,Silver
2347,38,POPLATEK MESICNE,960830,Savings account,2020-08-30,Silver
269,3,POPLATEK MESICNE,960830,Salary account,2020-08-30,Silver
1894,6,POPLATEK MESICNE,960829,Salary account,2020-08-29,Silver
1117,68,POPLATEK MESICNE,960829,Savings account,2020-08-29,Silver
833,31,POPLATEK MESICNE,960829,NRI account,2020-08-29,Silver
3155,28,POPLATEK MESICNE,960829,Salary account,2020-08-29,Silver
242,69,POPLATEK MESICNE,960829,NRI account,2020-08-29,Silver
10,54,POPLATEK MESICNE,960828,NRI account,2020-08-28,Silver
2113,7,POPLATEK MESICNE,960828,NRI account,2020-08-28,Silver
2677,5,POPLATEK MESICNE,960828,Savings account,2020-08-28,Silver
6062,24,POPLATEK MESICNE,960828,Salary account,2020-08-28,Silver
2065,61,POPLATEK MESICNE,960828,Savings account,2020-08-28,Silver
987,15,POPLATEK MESICNE,960827,Savings account,2020-08-27,Silver
2360,26,POPLATEK MESICNE,960827,Salary account,2020-08-27,Silver
399,1,POPLATEK MESICNE,960827,Savings account,2020-08-27,Silver
637,49,POPLATEK MESICNE,960827,NRI account,2020-08-27,Silver
3353,74,POPLATEK MESICNE,960827,Savings account,2020-08-27,Silver
4588,12,POPLATEK MESICNE,960827,Salary account,2020-08-27,Silver
10220,44,POPLATEK MESICNE,960826,NRI account,2020-08-26,Silver
2792,1,POPLATEK MESICNE,960826,NRI account,2020-08-26,Silver
1504,1,POPLATEK MESICNE,960826,NRI account,2020-08-26,Silver
3161,48,POPLATEK MESICNE,960826,Salary account,2020-08-26,Silver
4186,1,POPLATEK MESICNE,960825,Salary account,2020-08-25,Silver
3467,17,POPLATEK MESICNE,960825,Savings account,2020-08-25,Silver
1350,21,POPLATEK TYDNE,960825,NRI account,2020-08-25,Diamond
20,74,POPLATEK MESICNE,960824,Savings account,2020-08-24,Silver
2930,1,POPLATEK MESICNE,960824,NRI account,2020-08-24,Silver
182,47,POPLATEK MESICNE,960824,Salary account,2020-08-24,Silver
1517,5,POPLATEK MESICNE,960824,NRI account,2020-08-24,Silver
617,74,POPLATEK MESICNE,960823,NRI account,2020-08-23,Silver
2746,24,POPLATEK MESICNE,960823,NRI account,2020-08-23,Silver
3427,36,POPLATEK MESICNE,960823,NRI account,2020-08-23,Silver
58,29,POPLATEK MESICNE,960823,NRI account,2020-08-23,Silver
918,60,POPLATEK MESICNE,960823,NRI account,2020-08-23,Silver
324,1,POPLATEK MESICNE,960823,Salary account,2020-08-23,Silver
9826,68,POPLATEK MESICNE,960823,NRI account,2020-08-23,Silver
2094,73,POPLATEK MESICNE,960823,Savings account,2020-08-23,Silver
1593,16,POPLATEK MESICNE,960822,Salary account,2020-08-22,Silver
3004,11,POPLATEK MESICNE,960822,Savings account,2020-08-22,Silver
2034,54,POPLATEK MESICNE,960821,NRI account,2020-08-21,Silver
2622,1,POPLATEK MESICNE,960821,Savings account,2020-08-21,Silver
10562,51,POPLATEK MESICNE,960821,Salary account,2020-08-21,Silver
7099,1,POPLATEK MESICNE,960820,NRI account,2020-08-20,Silver
166,17,POPLATEK MESICNE,960820,Salary account,2020-08-20,Silver
1367,74,POPLATEK MESICNE,960820,Savings account,2020-08-20,Silver
2795,11,POPLATEK MESICNE,960820,Savings account,2020-08-20,Silver
7637,46,POPLATEK MESICNE,960819,NRI account,2020-08-19,Silver
4010,30,POPLATEK MESICNE,960819,Salary account,2020-08-19,Silver
4144,1,POPLATEK MESICNE,960819,Salary account,2020-08-19,Silver
3347,4,POPLATEK MESICNE,960819,Savings account,2020-08-19,Silver
2976,13,POPLATEK MESICNE,960819,Salary account,2020-08-19,Silver
4480,58,POPLATEK MESICNE,960819,Salary account,2020-08-19,Silver
4969,60,POPLATEK TYDNE,960819,NRI account,2020-08-19,Diamond
1274,54,POPLATEK TYDNE,960819,Savings account,2020-08-19,Diamond
3741,65,POPLATEK MESICNE,960818,Salary account,2020-08-18,Silver
3311,8,POPLATEK MESICNE,960818,NRI account,2020-08-18,Silver
656,3,POPLATEK MESICNE,960818,Salary account,2020-08-18,Silver
1667,56,POPLATEK MESICNE,960818,Savings account,2020-08-18,Silver
3789,6,POPLATEK MESICNE,960818,Savings account,2020-08-18,Silver
8038,47,POPLATEK MESICNE,960817,NRI account,2020-08-17,Silver
967,15,POPLATEK MESICNE,960817,Salary account,2020-08-17,Silver
382,14,POPLATEK MESICNE,960816,Savings account,2020-08-16,Silver
42,39,POPLATEK MESICNE,960816,NRI account,2020-08-16,Silver
945,18,POPLATEK MESICNE,960816,NRI account,2020-08-16,Silver
2764,53,POPLATEK MESICNE,960815,Salary account,2020-08-15,Silver
2973,23,POPLATEK MESICNE,960815,Salary account,2020-08-15,Silver
2209,65,POPLATEK MESICNE,960815,Salary account,2020-08-15,Silver
2013,54,POPLATEK MESICNE,960815,Savings account,2020-08-15,Silver
1935,38,POPLATEK MESICNE,960815,NRI account,2020-08-15,Silver
447,5,POPLATEK MESICNE,960814,Savings account,2020-08-14,Silver
3549,27,POPLATEK MESICNE,960814,NRI account,2020-08-14,Silver
1563,47,POPLATEK MESICNE,960814,Salary account,2020-08-14,Silver
753,31,POPLATEK MESICNE,960814,Savings account,2020-08-14,Silver
779,16,POPLATEK MESICNE,960813,Savings account,2020-08-13,Silver
916,1,POPLATEK MESICNE,960813,NRI account,2020-08-13,Silver
271,1,POPLATEK MESICNE,960813,NRI account,2020-08-13,Silver
2439,74,POPLATEK MESICNE,960813,Salary account,2020-08-13,Silver
2210,31,POPLATEK MESICNE,960813,Savings account,2020-08-13,Silver
1885,47,POPLATEK MESICNE,960813,Salary account,2020-08-13,Silver
176,71,POPLATEK TYDNE,960812,Salary account,2020-08-12,Diamond
3066,74,POPLATEK MESICNE,960812,NRI account,2020-08-12,Silver
911,60,POPLATEK MESICNE,960812,Salary account,2020-08-12,Silver
2149,7,POPLATEK MESICNE,960811,Salary account,2020-08-11,Silver
416,6,POPLATEK MESICNE,960811,Salary account,2020-08-11,Silver
1501,50,POPLATEK MESICNE,960811,NRI account,2020-08-11,Silver
2114,30,POPLATEK MESICNE,960811,Savings account,2020-08-11,Silver
3749,68,POPLATEK MESICNE,960810,Salary account,2020-08-10,Silver
1223,70,POPLATEK MESICNE,960810,NRI account,2020-08-10,Silver
613,74,POPLATEK PO OBRATU,960810,Salary account,2020-08-10,Gold
2947,57,POPLATEK MESICNE,960809,NRI account,2020-08-09,Silver
2086,70,POPLATEK TYDNE,960809,Salary account,2020-08-09,Diamond
3020,3,POPLATEK MESICNE,960809,Salary account,2020-08-09,Silver
1211,49,POPLATEK MESICNE,960809,Salary account,2020-08-09,Silver
2724,11,POPLATEK MESICNE,960809,Savings account,2020-08-09,Silver
963,7,POPLATEK MESICNE,960809,Salary account,2020-08-09,Silver
4442,54,POPLATEK MESICNE,960808,NRI account,2020-08-08,Silver
1325,26,POPLATEK MESICNE,960808,Savings account,2020-08-08,Silver
715,32,POPLATEK MESICNE,960808,Savings account,2020-08-08,Silver
9491,7,POPLATEK TYDNE,960808,Salary account,2020-08-08,Diamond
2917,68,POPLATEK MESICNE,960808,NRI account,2020-08-08,Silver
503,1,POPLATEK MESICNE,960808,NRI account,2020-08-08,Silver
2794,74,POPLATEK MESICNE,960808,Savings account,2020-08-08,Silver
2191,1,POPLATEK MESICNE,960808,NRI account,2020-08-08,Silver
3614,19,POPLATEK MESICNE,960807,NRI account,2020-08-07,Silver
2066,25,POPLATEK MESICNE,960807,Salary account,2020-08-07,Silver
2117,48,POPLATEK MESICNE,960807,NRI account,2020-08-07,Silver
436,30,POPLATEK MESICNE,960807,NRI account,2020-08-07,Silver
2329,1,POPLATEK MESICNE,960807,Salary account,2020-08-07,Silver
2134,52,POPLATEK MESICNE,960806,Savings account,2020-08-06,Silver
1738,15,POPLATEK MESICNE,960806,Savings account,2020-08-06,Silver
1576,35,POPLATEK TYDNE,960806,Salary account,2020-08-06,Diamond
1267,43,POPLATEK MESICNE,960805,Salary account,2020-08-05,Silver
2102,41,POPLATEK MESICNE,960805,NRI account,2020-08-05,Silver
1654,30,POPLATEK MESICNE,960805,Savings account,2020-08-05,Silver
2383,68,POPLATEK MESICNE,960805,NRI account,2020-08-05,Silver
2350,18,POPLATEK MESICNE,960804,NRI account,2020-08-04,Silver
4438,48,POPLATEK MESICNE,960804,Salary account,2020-08-04,Silver
2004,42,POPLATEK MESICNE,960804,Savings account,2020-08-04,Silver
2101,9,POPLATEK MESICNE,960804,Savings account,2020-08-04,Silver
3397,49,POPLATEK MESICNE,960804,NRI account,2020-08-04,Silver
3040,17,POPLATEK MESICNE,960803,NRI account,2020-08-03,Silver
4071,64,POPLATEK MESICNE,960803,NRI account,2020-08-03,Silver
2278,1,POPLATEK MESICNE,960803,Savings account,2020-08-03,Silver
371,12,POPLATEK MESICNE,960802,Salary account,2020-08-02,Silver
9159,64,POPLATEK MESICNE,960802,Savings account,2020-08-02,Silver
1906,1,POPLATEK MESICNE,960801,Savings account,2020-08-01,Silver
194,44,POPLATEK MESICNE,960801,NRI account,2020-08-01,Silver
3359,8,POPLATEK MESICNE,960730,Salary account,2020-07-30,Silver
9646,1,POPLATEK TYDNE,960730,NRI account,2020-07-30,Diamond
10954,25,POPLATEK MESICNE,960729,NRI account,2020-07-29,Silver
1571,66,POPLATEK MESICNE,960729,Salary account,2020-07-29,Silver
1160,39,POPLATEK TYDNE,960729,NRI account,2020-07-29,Diamond
1985,20,POPLATEK MESICNE,960729,Salary account,2020-07-29,Silver
4389,77,POPLATEK MESICNE,960728,NRI account,2020-07-28,Silver
3192,18,POPLATEK MESICNE,960728,Salary account,2020-07-28,Silver
836,46,POPLATEK MESICNE,960728,Salary account,2020-07-28,Silver
3880,3,POPLATEK MESICNE,960728,NRI account,2020-07-28,Silver
7424,68,POPLATEK MESICNE,960728,Salary account,2020-07-28,Silver
1187,55,POPLATEK MESICNE,960728,Savings account,2020-07-28,Silver
25,68,POPLATEK MESICNE,960728,NRI account,2020-07-28,Silver
3491,51,POPLATEK MESICNE,960727,NRI account,2020-07-27,Silver
6453,34,POPLATEK MESICNE,960727,Savings account,2020-07-27,Silver
7907,70,POPLATEK MESICNE,960727,Savings account,2020-07-27,Silver
2291,49,POPLATEK MESICNE,960727,NRI account,2020-07-27,Silver
1900,27,POPLATEK MESICNE,960727,Savings account,2020-07-27,Silver
3443,45,POPLATEK MESICNE,960726,NRI account,2020-07-26,Silver
11027,32,POPLATEK TYDNE,960726,Savings account,2020-07-26,Diamond
303,71,POPLATEK MESICNE,960725,Savings account,2020-07-25,Silver
3932,74,POPLATEK MESICNE,960725,NRI account,2020-07-25,Silver
2717,74,POPLATEK MESICNE,960725,Salary account,2020-07-25,Silver
2983,42,POPLATEK MESICNE,960725,Savings account,2020-07-25,Silver
1490,5,POPLATEK MESICNE,960725,NRI account,2020-07-25,Silver
4320,61,POPLATEK MESICNE,960723,Savings account,2020-07-23,Silver
6495,6,POPLATEK MESICNE,960723,Savings account,2020-07-23,Silver
3511,70,POPLATEK MESICNE,960723,NRI account,2020-07-23,Silver
378,68,POPLATEK MESICNE,960722,NRI account,2020-07-22,Silver
1188,16,POPLATEK MESICNE,960722,NRI account,2020-07-22,Silver
2652,1,POPLATEK MESICNE,960722,Savings account,2020-07-22,Silver
3526,1,POPLATEK MESICNE,960722,Salary account,2020-07-22,Silver
113,55,POPLATEK MESICNE,960722,Savings account,2020-07-22,Silver
3733,33,POPLATEK MESICNE,960722,Salary account,2020-07-22,Silver
683,74,POPLATEK MESICNE,960722,NRI account,2020-07-22,Silver
3494,60,POPLATEK MESICNE,960722,NRI account,2020-07-22,Silver
3518,9,POPLATEK MESICNE,960722,NRI account,2020-07-22,Silver
7674,1,POPLATEK MESICNE,960721,Salary account,2020-07-21,Silver
11123,39,POPLATEK MESICNE,960721,Salary account,2020-07-21,Silver
1765,18,POPLATEK MESICNE,960721,Salary account,2020-07-21,Silver
847,2,POPLATEK MESICNE,960721,Salary account,2020-07-21,Silver
4618,3,POPLATEK MESICNE,960721,Salary account,2020-07-21,Silver
3543,74,POPLATEK MESICNE,960721,Savings account,2020-07-21,Silver
1471,1,POPLATEK MESICNE,960721,Salary account,2020-07-21,Silver
3472,55,POPLATEK MESICNE,960721,NRI account,2020-07-21,Silver
2407,1,POPLATEK MESICNE,960721,NRI account,2020-07-21,Silver
1893,48,POPLATEK MESICNE,960720,Salary account,2020-07-20,Silver
2882,44,POPLATEK MESICNE,960720,Salary account,2020-07-20,Silver
5250,8,POPLATEK TYDNE,960720,NRI account,2020-07-20,Diamond
2266,50,POPLATEK MESICNE,960719,Savings account,2020-07-19,Silver
137,70,POPLATEK MESICNE,960719,NRI account,2020-07-19,Silver
3562,50,POPLATEK MESICNE,960719,Savings account,2020-07-19,Silver
9138,26,POPLATEK MESICNE,960718,NRI account,2020-07-18,Silver
5837,5,POPLATEK MESICNE,960718,Salary account,2020-07-18,Silver
971,12,POPLATEK MESICNE,960718,Savings account,2020-07-18,Silver
81,74,POPLATEK MESICNE,960718,Salary account,2020-07-18,Silver
4537,53,POPLATEK TYDNE,960718,NRI account,2020-07-18,Diamond
4086,66,POPLATEK MESICNE,960717,Salary account,2020-07-17,Silver
6461,50,POPLATEK MESICNE,960717,Savings account,2020-07-17,Silver
110,36,POPLATEK MESICNE,960717,Salary account,2020-07-17,Silver
526,67,POPLATEK MESICNE,960716,Savings account,2020-07-16,Silver
571,72,POPLATEK MESICNE,960716,Savings account,2020-07-16,Silver
3946,70,POPLATEK MESICNE,960716,NRI account,2020-07-16,Silver
2573,4,POPLATEK MESICNE,960716,Salary account,2020-07-16,Silver
593,48,POPLATEK MESICNE,960716,Savings account,2020-07-16,Silver
869,16,POPLATEK MESICNE,960715,NRI account,2020-07-15,Silver
2359,54,POPLATEK MESICNE,960714,NRI account,2020-07-14,Silver
3726,54,POPLATEK MESICNE,960714,Savings account,2020-07-14,Silver
584,31,POPLATEK MESICNE,960714,NRI account,2020-07-14,Silver
392,1,POPLATEK MESICNE,960714,NRI account,2020-07-14,Silver
3426,9,POPLATEK TYDNE,960713,Savings account,2020-07-13,Diamond
3204,61,POPLATEK MESICNE,960713,Salary account,2020-07-13,Silver
2887,76,POPLATEK MESICNE,960713,Salary account,2020-07-13,Silver
2468,4,POPLATEK MESICNE,960713,Savings account,2020-07-13,Silver
3350,74,POPLATEK MESICNE,960713,Savings account,2020-07-13,Silver
858,52,POPLATEK MESICNE,960713,Savings account,2020-07-13,Silver
2821,54,POPLATEK MESICNE,960712,Savings account,2020-07-12,Silver
2112,44,POPLATEK MESICNE,960712,NRI account,2020-07-12,Silver
2506,22,POPLATEK PO OBRATU,960712,NRI account,2020-07-12,Gold
1078,1,POPLATEK MESICNE,960712,NRI account,2020-07-12,Silver
1895,35,POPLATEK MESICNE,960712,Salary account,2020-07-12,Silver
2961,9,POPLATEK MESICNE,960712,Savings account,2020-07-12,Silver
690,10,POPLATEK MESICNE,960711,Salary account,2020-07-11,Silver
2945,6,POPLATEK MESICNE,960711,Savings account,2020-07-11,Silver
573,1,POPLATEK TYDNE,960711,NRI account,2020-07-11,Diamond
2131,70,POPLATEK MESICNE,960711,Salary account,2020-07-11,Silver
2147,28,POPLATEK MESICNE,960710,Salary account,2020-07-10,Silver
984,2,POPLATEK MESICNE,960710,Salary account,2020-07-10,Silver
3848,20,POPLATEK MESICNE,960710,Salary account,2020-07-10,Silver
2825,54,POPLATEK MESICNE,960710,NRI account,2020-07-10,Silver
5602,19,POPLATEK PO OBRATU,960710,Salary account,2020-07-10,Gold
1094,35,POPLATEK MESICNE,960710,NRI account,2020-07-10,Silver
413,18,POPLATEK MESICNE,960709,NRI account,2020-07-09,Silver
3334,67,POPLATEK MESICNE,960709,NRI account,2020-07-09,Silver
2625,48,POPLATEK TYDNE,960709,Salary account,2020-07-09,Diamond
7733,19,POPLATEK TYDNE,960708,NRI account,2020-07-08,Diamond
1758,21,POPLATEK MESICNE,960708,NRI account,2020-07-08,Silver
9859,27,POPLATEK MESICNE,960708,Salary account,2020-07-08,Silver
10711,36,POPLATEK MESICNE,960708,Savings account,2020-07-08,Silver
725,70,POPLATEK MESICNE,960708,Salary account,2020-07-08,Silver
1739,3,POPLATEK MESICNE,960708,Savings account,2020-07-08,Silver
10202,70,POPLATEK MESICNE,960708,Salary account,2020-07-08,Silver
506,67,POPLATEK MESICNE,960708,NRI account,2020-07-08,Silver
955,59,POPLATEK MESICNE,960708,Salary account,2020-07-08,Silver
932,20,POPLATEK MESICNE,960708,Salary account,2020-07-08,Silver
1289,72,POPLATEK MESICNE,960707,NRI account,2020-07-07,Silver
2445,52,POPLATEK MESICNE,960707,NRI account,2020-07-07,Silver
2737,69,POPLATEK MESICNE,960706,Salary account,2020-07-06,Silver
7101,54,POPLATEK MESICNE,960706,NRI account,2020-07-06,Silver
313,73,POPLATEK MESICNE,960706,Salary account,2020-07-06,Silver
2593,5,POPLATEK MESICNE,960706,Savings account,2020-07-06,Silver
1232,48,POPLATEK MESICNE,960706,Salary account,2020-07-06,Silver
2108,74,POPLATEK MESICNE,960706,Salary account,2020-07-06,Silver
3694,70,POPLATEK MESICNE,960706,Savings account,2020-07-06,Silver
1903,11,POPLATEK MESICNE,960705,NRI account,2020-07-05,Silver
3153,2,POPLATEK MESICNE,960705,Savings account,2020-07-05,Silver
265,19,POPLATEK MESICNE,960705,NRI account,2020-07-05,Silver
2812,18,POPLATEK MESICNE,960705,Salary account,2020-07-05,Silver
1609,41,POPLATEK MESICNE,960705,NRI account,2020-07-05,Silver
2526,16,POPLATEK MESICNE,960704,NRI account,2020-07-04,Silver
2604,68,POPLATEK MESICNE,960704,NRI account,2020-07-04,Silver
5269,49,POPLATEK MESICNE,960704,Savings account,2020-07-04,Silver
3563,1,POPLATEK MESICNE,960704,NRI account,2020-07-04,Silver
3550,68,POPLATEK MESICNE,960704,Salary account,2020-07-04,Silver
7033,75,POPLATEK MESICNE,960703,Salary account,2020-07-03,Silver
88,31,POPLATEK MESICNE,960703,Savings account,2020-07-03,Silver
1480,41,POPLATEK TYDNE,960703,Savings account,2020-07-03,Diamond
3089,12,POPLATEK TYDNE,960702,Savings account,2020-07-02,Diamond
7181,77,POPLATEK PO OBRATU,960702,NRI account,2020-07-02,Gold
1241,53,POPLATEK MESICNE,960702,Savings account,2020-07-02,Silver
1004,70,POPLATEK MESICNE,960702,Salary account,2020-07-02,Silver
2344,13,POPLATEK MESICNE,960702,NRI account,2020-07-02,Silver
2530,74,POPLATEK MESICNE,960702,Savings account,2020-07-02,Silver
170,59,POPLATEK MESICNE,960702,Savings account,2020-07-02,Silver
2319,58,POPLATEK MESICNE,960702,Savings account,2020-07-02,Silver
3864,33,POPLATEK MESICNE,960701,Savings account,2020-07-01,Silver
1266,57,POPLATEK MESICNE,960701,NRI account,2020-07-01,Silver
878,52,POPLATEK MESICNE,960629,Savings account,2020-06-29,Silver
1007,1,POPLATEK MESICNE,960628,Salary account,2020-06-28,Silver
4379,44,POPLATEK MESICNE,960628,NRI account,2020-06-28,Silver
2950,62,POPLATEK MESICNE,960628,Savings account,2020-06-28,Silver
3793,5,POPLATEK MESICNE,960628,Salary account,2020-06-28,Silver
3588,33,POPLATEK MESICNE,960628,NRI account,2020-06-28,Silver
3573,59,POPLATEK MESICNE,960627,Salary account,2020-06-27,Silver
3149,57,POPLATEK MESICNE,960627,Savings account,2020-06-27,Silver
1275,32,POPLATEK MESICNE,960626,NRI account,2020-06-26,Silver
1087,55,POPLATEK MESICNE,960626,Savings account,2020-06-26,Silver
1396,46,POPLATEK MESICNE,960626,Savings account,2020-06-26,Silver
2295,57,POPLATEK MESICNE,960625,NRI account,2020-06-25,Silver
9631,11,POPLATEK MESICNE,960625,Salary account,2020-06-25,Silver
140,24,POPLATEK MESICNE,960625,Salary account,2020-06-25,Silver
788,12,POPLATEK MESICNE,960625,Savings account,2020-06-25,Silver
2040,75,POPLATEK MESICNE,960625,Salary account,2020-06-25,Silver
1029,26,POPLATEK MESICNE,960625,Savings account,2020-06-25,Silver
3318,62,POPLATEK MESICNE,960625,NRI account,2020-06-25,Silver
2420,35,POPLATEK MESICNE,960625,Salary account,2020-06-25,Silver
3432,1,POPLATEK MESICNE,960625,Salary account,2020-06-25,Silver
6688,16,POPLATEK MESICNE,960625,Salary account,2020-06-25,Silver
3899,22,POPLATEK MESICNE,960625,NRI account,2020-06-25,Silver
962,64,POPLATEK MESICNE,960624,Savings account,2020-06-24,Silver
2395,3,POPLATEK MESICNE,960624,Savings account,2020-06-24,Silver
3227,1,POPLATEK MESICNE,960624,Salary account,2020-06-24,Silver
3585,1,POPLATEK MESICNE,960623,Salary account,2020-06-23,Silver
2706,47,POPLATEK MESICNE,960623,Savings account,2020-06-23,Silver
2773,38,POPLATEK MESICNE,960623,NRI account,2020-06-23,Silver
1781,10,POPLATEK MESICNE,960623,Savings account,2020-06-23,Silver
1097,67,POPLATEK MESICNE,960622,Salary account,2020-06-22,Silver
3206,38,POPLATEK MESICNE,960622,Salary account,2020-06-22,Silver
3696,1,POPLATEK MESICNE,960622,Salary account,2020-06-22,Silver
2387,70,POPLATEK MESICNE,960622,Salary account,2020-06-22,Silver
10361,21,POPLATEK MESICNE,960621,Savings account,2020-06-21,Silver
587,19,POPLATEK MESICNE,960621,NRI account,2020-06-21,Silver
373,67,POPLATEK MESICNE,960620,NRI account,2020-06-20,Silver
2977,28,POPLATEK MESICNE,960620,Salary account,2020-06-20,Silver
488,25,POPLATEK MESICNE,960620,Salary account,2020-06-20,Silver
3120,1,POPLATEK MESICNE,960620,Savings account,2020-06-20,Silver
3801,1,POPLATEK MESICNE,960620,NRI account,2020-06-20,Silver
72,1,POPLATEK TYDNE,960620,NRI account,2020-06-20,Diamond
3239,5,POPLATEK MESICNE,960619,Savings account,2020-06-19,Silver
3485,53,POPLATEK MESICNE,960619,Salary account,2020-06-19,Silver
567,15,POPLATEK MESICNE,960619,Salary account,2020-06-19,Silver
3180,1,POPLATEK MESICNE,960618,Salary account,2020-06-18,Silver
1271,17,POPLATEK MESICNE,960618,Savings account,2020-06-18,Silver
2870,1,POPLATEK MESICNE,960618,Savings account,2020-06-18,Silver
3645,36,POPLATEK MESICNE,960618,Salary account,2020-06-18,Silver
1086,37,POPLATEK MESICNE,960617,Salary account,2020-06-17,Silver
2602,46,POPLATEK MESICNE,960617,NRI account,2020-06-17,Silver
4768,39,POPLATEK MESICNE,960617,Salary account,2020-06-17,Silver
507,52,POPLATEK MESICNE,960617,NRI account,2020-06-17,Silver
3647,77,POPLATEK MESICNE,960617,Salary account,2020-06-17,Silver
1444,70,POPLATEK MESICNE,960616,NRI account,2020-06-16,Silver
4447,62,POPLATEK MESICNE,960616,Salary account,2020-06-16,Silver
3515,68,POPLATEK MESICNE,960616,Savings account,2020-06-16,Silver
8158,48,POPLATEK TYDNE,960616,NRI account,2020-06-16,Diamond
848,31,POPLATEK MESICNE,960616,Salary account,2020-06-16,Silver
3668,1,POPLATEK MESICNE,960615,Savings account,2020-06-15,Silver
2400,40,POPLATEK MESICNE,960615,NRI account,2020-06-15,Silver
3015,19,POPLATEK MESICNE,960615,Savings account,2020-06-15,Silver
558,10,POPLATEK MESICNE,960615,Salary account,2020-06-15,Silver
3114,1,POPLATEK MESICNE,960615,Savings account,2020-06-15,Silver
4626,9,POPLATEK MESICNE,960615,Salary account,2020-06-15,Silver
1869,1,POPLATEK MESICNE,960614,Savings account,2020-06-14,Silver
2397,70,POPLATEK MESICNE,960614,Salary account,2020-06-14,Silver
2603,9,POPLATEK MESICNE,960614,Salary account,2020-06-14,Silver
3723,2,POPLATEK MESICNE,960614,Savings account,2020-06-14,Silver
3957,33,POPLATEK TYDNE,960613,NRI account,2020-06-13,Diamond
3584,55,POPLATEK MESICNE,960612,NRI account,2020-06-12,Silver
93,2,POPLATEK MESICNE,960612,Savings account,2020-06-12,Silver
2104,48,POPLATEK MESICNE,960612,Salary account,2020-06-12,Silver
2710,12,POPLATEK MESICNE,960612,Savings account,2020-06-12,Silver
1058,47,POPLATEK MESICNE,960611,Savings account,2020-06-11,Silver
1431,41,POPLATEK MESICNE,960611,NRI account,2020-06-11,Silver
181,21,POPLATEK MESICNE,960611,Savings account,2020-06-11,Silver
603,62,POPLATEK MESICNE,960611,Savings account,2020-06-11,Silver
409,1,POPLATEK MESICNE,960611,NRI account,2020-06-11,Silver
9510,1,POPLATEK MESICNE,960609,Savings account,2020-06-09,Silver
7926,69,POPLATEK TYDNE,960609,Salary account,2020-06-09,Diamond
3591,1,POPLATEK PO OBRATU,960609,Savings account,2020-06-09,Gold
4585,27,POPLATEK MESICNE,960608,Salary account,2020-06-08,Silver
171,46,POPLATEK MESICNE,960608,Salary account,2020-06-08,Silver
3676,58,POPLATEK MESICNE,960608,Savings account,2020-06-08,Silver
1082,2,POPLATEK MESICNE,960608,Savings account,2020-06-08,Silver
6699,35,POPLATEK MESICNE,960608,Savings account,2020-06-08,Silver
1219,1,POPLATEK MESICNE,960608,NRI account,2020-06-08,Silver
4803,26,POPLATEK MESICNE,960608,Savings account,2020-06-08,Silver
1528,50,POPLATEK MESICNE,960608,Savings account,2020-06-08,Silver
375,68,POPLATEK MESICNE,960607,NRI account,2020-06-07,Silver
1270,55,POPLATEK PO OBRATU,960607,Salary account,2020-06-07,Gold
9548,62,POPLATEK MESICNE,960607,Savings account,2020-06-07,Silver
3522,16,POPLATEK MESICNE,960607,NRI account,2020-06-07,Silver
669,35,POPLATEK MESICNE,960607,Savings account,2020-06-07,Silver
732,38,POPLATEK MESICNE,960607,Savings account,2020-06-07,Silver
3448,58,POPLATEK TYDNE,960606,Salary account,2020-06-06,Diamond
1913,48,POPLATEK MESICNE,960606,NRI account,2020-06-06,Silver
958,72,POPLATEK MESICNE,960606,Savings account,2020-06-06,Silver
3199,66,POPLATEK MESICNE,960606,NRI account,2020-06-06,Silver
1954,72,POPLATEK MESICNE,960605,NRI account,2020-06-05,Silver
1973,71,POPLATEK MESICNE,960605,Savings account,2020-06-05,Silver
2190,41,POPLATEK TYDNE,960604,NRI account,2020-06-04,Diamond
3746,70,POPLATEK MESICNE,960604,Savings account,2020-06-04,Silver
2982,19,POPLATEK MESICNE,960604,Savings account,2020-06-04,Silver
9263,68,POPLATEK MESICNE,960604,Salary account,2020-06-04,Silver
1405,53,POPLATEK MESICNE,960604,Salary account,2020-06-04,Silver
1124,26,POPLATEK MESICNE,960602,Savings account,2020-06-02,Silver
687,27,POPLATEK MESICNE,960602,NRI account,2020-06-02,Silver
3590,57,POPLATEK MESICNE,960602,Savings account,2020-06-02,Silver
3459,76,POPLATEK MESICNE,960602,Salary account,2020-06-02,Silver
2389,40,POPLATEK MESICNE,960602,Salary account,2020-06-02,Silver
2837,46,POPLATEK MESICNE,960602,NRI account,2020-06-02,Silver
621,52,POPLATEK MESICNE,960601,NRI account,2020-06-01,Silver
10445,72,POPLATEK MESICNE,960529,Salary account,2020-05-29,Silver
268,3,POPLATEK MESICNE,960529,Savings account,2020-05-29,Silver
3240,35,POPLATEK TYDNE,960529,Savings account,2020-05-29,Diamond
877,1,POPLATEK MESICNE,960529,Savings account,2020-05-29,Silver
450,59,POPLATEK MESICNE,960528,NRI account,2020-05-28,Silver
1646,1,POPLATEK TYDNE,960527,Salary account,2020-05-27,Diamond
612,1,POPLATEK MESICNE,960527,Savings account,2020-05-27,Silver
4099,54,POPLATEK MESICNE,960526,NRI account,2020-05-26,Silver
3055,15,POPLATEK MESICNE,960526,Salary account,2020-05-26,Silver
1715,60,POPLATEK MESICNE,960526,Savings account,2020-05-26,Silver
1905,34,POPLATEK MESICNE,960525,Salary account,2020-05-25,Silver
7713,50,POPLATEK TYDNE,960525,Savings account,2020-05-25,Diamond
832,42,POPLATEK MESICNE,960524,Salary account,2020-05-24,Silver
891,34,POPLATEK MESICNE,960523,Salary account,2020-05-23,Silver
2888,19,POPLATEK MESICNE,960523,Savings account,2020-05-23,Silver
1210,28,POPLATEK MESICNE,960521,NRI account,2020-05-21,Silver
8972,70,POPLATEK MESICNE,960521,NRI account,2020-05-21,Silver
3731,70,POPLATEK MESICNE,960520,NRI account,2020-05-20,Silver
1323,43,POPLATEK MESICNE,960520,NRI account,2020-05-20,Silver
580,75,POPLATEK MESICNE,960520,Salary account,2020-05-20,Silver
2805,39,POPLATEK MESICNE,960520,Salary account,2020-05-20,Silver
1399,45,POPLATEK MESICNE,960520,Savings account,2020-05-20,Silver
1904,70,POPLATEK MESICNE,960518,Savings account,2020-05-18,Silver
1040,19,POPLATEK MESICNE,960518,Salary account,2020-05-18,Silver
776,66,POPLATEK MESICNE,960518,Salary account,2020-05-18,Silver
3162,63,POPLATEK TYDNE,960518,NRI account,2020-05-18,Diamond
379,32,POPLATEK MESICNE,960518,Salary account,2020-05-18,Silver
3495,54,POPLATEK MESICNE,960517,Savings account,2020-05-17,Silver
76,52,POPLATEK MESICNE,960516,NRI account,2020-05-16,Silver
1924,66,POPLATEK MESICNE,960516,Salary account,2020-05-16,Silver
8772,1,POPLATEK MESICNE,960516,Savings account,2020-05-16,Silver
2505,60,POPLATEK MESICNE,960516,Salary account,2020-05-16,Silver
7542,54,POPLATEK MESICNE,960516,Savings account,2020-05-16,Silver
1074,59,POPLATEK MESICNE,960516,Savings account,2020-05-16,Silver
9199,72,POPLATEK MESICNE,960515,Salary account,2020-05-15,Silver
2752,74,POPLATEK MESICNE,960515,Salary account,2020-05-15,Silver
10694,73,POPLATEK TYDNE,960515,NRI account,2020-05-15,Diamond
3523,65,POPLATEK MESICNE,960514,Salary account,2020-05-14,Silver
136,74,POPLATEK MESICNE,960514,NRI account,2020-05-14,Silver
632,29,POPLATEK MESICNE,960514,Savings account,2020-05-14,Silver
3769,3,POPLATEK MESICNE,960514,NRI account,2020-05-14,Silver
2757,54,POPLATEK MESICNE,960514,Savings account,2020-05-14,Silver
360,32,POPLATEK MESICNE,960514,Savings account,2020-05-14,Silver
3434,32,POPLATEK MESICNE,960513,Savings account,2020-05-13,Silver
2619,20,POPLATEK MESICNE,960513,Salary account,2020-05-13,Silver
6158,67,POPLATEK MESICNE,960513,Savings account,2020-05-13,Silver
1013,59,POPLATEK MESICNE,960513,NRI account,2020-05-13,Silver
491,44,POPLATEK MESICNE,960512,Salary account,2020-05-12,Silver
9513,59,POPLATEK MESICNE,960512,Salary account,2020-05-12,Silver
684,49,POPLATEK MESICNE,960512,Savings account,2020-05-12,Silver
3285,43,POPLATEK MESICNE,960512,NRI account,2020-05-12,Silver
3248,77,POPLATEK MESICNE,960511,Savings account,2020-05-11,Silver
51,67,POPLATEK MESICNE,960511,Salary account,2020-05-11,Silver
132,40,POPLATEK PO OBRATU,960511,NRI account,2020-05-11,Gold
3512,46,POPLATEK MESICNE,960511,NRI account,2020-05-11,Silver
6792,1,POPLATEK MESICNE,960511,Savings account,2020-05-11,Silver
2035,53,POPLATEK MESICNE,960510,Salary account,2020-05-10,Silver
3942,27,POPLATEK TYDNE,960510,Savings account,2020-05-10,Diamond
9494,21,POPLATEK MESICNE,960510,NRI account,2020-05-10,Silver
913,59,POPLATEK MESICNE,960510,NRI account,2020-05-10,Silver
1045,3,POPLATEK MESICNE,960509,Savings account,2020-05-09,Silver
302,7,POPLATEK MESICNE,960509,Salary account,2020-05-09,Silver
444,26,POPLATEK MESICNE,960509,NRI account,2020-05-09,Silver
2346,27,POPLATEK MESICNE,960508,NRI account,2020-05-08,Silver
3736,54,POPLATEK MESICNE,960508,Salary account,2020-05-08,Silver
3887,62,POPLATEK MESICNE,960508,Savings account,2020-05-08,Silver
1672,5,POPLATEK MESICNE,960508,Savings account,2020-05-08,Silver
1752,68,POPLATEK MESICNE,960508,Salary account,2020-05-08,Silver
1996,6,POPLATEK TYDNE,960508,Savings account,2020-05-08,Diamond
1244,68,POPLATEK MESICNE,960508,Savings account,2020-05-08,Silver
1213,36,POPLATEK MESICNE,960508,Savings account,2020-05-08,Silver
3928,24,POPLATEK MESICNE,960508,NRI account,2020-05-08,Silver
1614,63,POPLATEK MESICNE,960507,NRI account,2020-05-07,Silver
706,49,POPLATEK MESICNE,960507,NRI account,2020-05-07,Silver
2232,1,POPLATEK MESICNE,960507,Savings account,2020-05-07,Silver
2946,54,POPLATEK MESICNE,960507,Savings account,2020-05-07,Silver
3648,61,POPLATEK MESICNE,960506,NRI account,2020-05-06,Silver
2591,1,POPLATEK MESICNE,960506,NRI account,2020-05-06,Silver
97,74,POPLATEK MESICNE,960505,NRI account,2020-05-05,Silver
1328,8,POPLATEK MESICNE,960504,Savings account,2020-05-04,Silver
4127,50,POPLATEK MESICNE,960503,Savings account,2020-05-03,Silver
3791,1,POPLATEK TYDNE,960503,Salary account,2020-05-03,Diamond
3531,59,POPLATEK MESICNE,960503,NRI account,2020-05-03,Silver
2994,77,POPLATEK MESICNE,960503,NRI account,2020-05-03,Silver
2730,23,POPLATEK MESICNE,960502,Salary account,2020-05-02,Silver
8896,28,POPLATEK PO OBRATU,960502,Salary account,2020-05-02,Gold
1716,46,POPLATEK MESICNE,960502,Savings account,2020-05-02,Silver
986,74,POPLATEK MESICNE,960502,Savings account,2020-05-02,Silver
1192,29,POPLATEK MESICNE,960502,NRI account,2020-05-02,Silver
2116,70,POPLATEK MESICNE,960502,NRI account,2020-05-02,Silver
1582,28,POPLATEK MESICNE,960501,Savings account,2020-05-01,Silver
3027,62,POPLATEK MESICNE,960429,Savings account,2020-04-29,Silver
4342,74,POPLATEK MESICNE,960429,Salary account,2020-04-29,Silver
3664,1,POPLATEK MESICNE,960428,Savings account,2020-04-28,Silver
3038,10,POPLATEK MESICNE,960428,NRI account,2020-04-28,Silver
951,3,POPLATEK MESICNE,960428,Savings account,2020-04-28,Silver
1529,1,POPLATEK MESICNE,960428,Salary account,2020-04-28,Silver
3178,4,POPLATEK MESICNE,960427,NRI account,2020-04-27,Silver
500,56,POPLATEK MESICNE,960427,Savings account,2020-04-27,Silver
3451,52,POPLATEK MESICNE,960427,Savings account,2020-04-27,Silver
1304,40,POPLATEK MESICNE,960427,Savings account,2020-04-27,Silver
5395,47,POPLATEK MESICNE,960426,Salary account,2020-04-26,Silver
780,3,POPLATEK MESICNE,960426,NRI account,2020-04-26,Silver
5505,1,POPLATEK MESICNE,960426,Savings account,2020-04-26,Silver
2246,1,POPLATEK MESICNE,960425,NRI account,2020-04-25,Silver
3301,14,POPLATEK MESICNE,960425,Salary account,2020-04-25,Silver
7997,10,POPLATEK MESICNE,960425,Salary account,2020-04-25,Silver
1542,1,POPLATEK MESICNE,960425,Salary account,2020-04-25,Silver
3280,1,POPLATEK MESICNE,960424,Salary account,2020-04-24,Silver
689,1,POPLATEK MESICNE,960424,Salary account,2020-04-24,Silver
4488,33,POPLATEK MESICNE,960424,Savings account,2020-04-24,Silver
7240,17,POPLATEK MESICNE,960423,Savings account,2020-04-23,Silver
4458,60,POPLATEK MESICNE,960423,NRI account,2020-04-23,Silver
3596,59,POPLATEK MESICNE,960423,Salary account,2020-04-23,Silver
1709,24,POPLATEK MESICNE,960423,Savings account,2020-04-23,Silver
3859,53,POPLATEK MESICNE,960423,NRI account,2020-04-23,Silver
481,72,POPLATEK MESICNE,960423,Savings account,2020-04-23,Silver
1070,62,POPLATEK MESICNE,960423,NRI account,2020-04-23,Silver
1641,50,POPLATEK MESICNE,960422,NRI account,2020-04-22,Silver
1624,53,POPLATEK MESICNE,960422,NRI account,2020-04-22,Silver
798,1,POPLATEK MESICNE,960422,Savings account,2020-04-22,Silver
3816,25,POPLATEK MESICNE,960421,Savings account,2020-04-21,Silver
766,3,POPLATEK MESICNE,960421,NRI account,2020-04-21,Silver
695,5,POPLATEK MESICNE,960421,NRI account,2020-04-21,Silver
2287,1,POPLATEK MESICNE,960421,Salary account,2020-04-21,Silver
1358,39,POPLATEK MESICNE,960421,NRI account,2020-04-21,Silver
3019,33,POPLATEK MESICNE,960421,Salary account,2020-04-21,Silver
3998,2,POPLATEK MESICNE,960420,NRI account,2020-04-20,Silver
3021,10,POPLATEK MESICNE,960420,Savings account,2020-04-20,Silver
1607,71,POPLATEK MESICNE,960420,NRI account,2020-04-20,Silver
1733,18,POPLATEK MESICNE,960420,NRI account,2020-04-20,Silver
2474,33,POPLATEK MESICNE,960420,Savings account,2020-04-20,Silver
1939,6,POPLATEK TYDNE,960419,Savings account,2020-04-19,Diamond
5726,17,POPLATEK PO OBRATU,960419,Savings account,2020-04-19,Gold
3806,36,POPLATEK MESICNE,960418,NRI account,2020-04-18,Silver
283,44,POPLATEK MESICNE,960418,Savings account,2020-04-18,Silver
2432,8,POPLATEK MESICNE,960418,Salary account,2020-04-18,Silver
3802,44,POPLATEK MESICNE,960418,Savings account,2020-04-18,Silver
3821,18,POPLATEK MESICNE,960418,Savings account,2020-04-18,Silver
3907,37,POPLATEK MESICNE,960418,Salary account,2020-04-18,Silver
3854,8,POPLATEK MESICNE,960418,Salary account,2020-04-18,Silver
3606,1,POPLATEK MESICNE,960418,NRI account,2020-04-18,Silver
1121,32,POPLATEK MESICNE,960417,Savings account,2020-04-17,Silver
2254,1,POPLATEK MESICNE,960417,NRI account,2020-04-17,Silver
101,35,POPLATEK MESICNE,960416,Salary account,2020-04-16,Silver
1473,39,POPLATEK MESICNE,960416,Savings account,2020-04-16,Silver
1655,41,POPLATEK MESICNE,960415,NRI account,2020-04-15,Silver
3976,74,POPLATEK MESICNE,960415,NRI account,2020-04-15,Silver
1383,11,POPLATEK MESICNE,960415,Savings account,2020-04-15,Silver
439,69,POPLATEK MESICNE,960415,NRI account,2020-04-15,Silver
1550,1,POPLATEK MESICNE,960415,Salary account,2020-04-15,Silver
1543,1,POPLATEK MESICNE,960414,Savings account,2020-04-14,Silver
2247,24,POPLATEK MESICNE,960413,Savings account,2020-04-13,Silver
2205,51,POPLATEK MESICNE,960413,Savings account,2020-04-13,Silver
152,1,POPLATEK MESICNE,960412,Salary account,2020-04-12,Silver
5072,6,POPLATEK MESICNE,960412,NRI account,2020-04-12,Silver
1456,9,POPLATEK MESICNE,960412,Salary account,2020-04-12,Silver
1622,19,POPLATEK MESICNE,960412,NRI account,2020-04-12,Silver
10215,38,POPLATEK MESICNE,960412,Savings account,2020-04-12,Silver
3247,61,POPLATEK MESICNE,960411,NRI account,2020-04-11,Silver
3568,40,POPLATEK MESICNE,960411,Savings account,2020-04-11,Silver
2450,48,POPLATEK MESICNE,960410,Savings account,2020-04-10,Silver
1503,71,POPLATEK MESICNE,960410,Savings account,2020-04-10,Silver
1020,56,POPLATEK MESICNE,960409,Savings account,2020-04-09,Silver
2986,63,POPLATEK MESICNE,960409,Salary account,2020-04-09,Silver
615,72,POPLATEK MESICNE,960409,NRI account,2020-04-09,Silver
7894,27,POPLATEK MESICNE,960409,Salary account,2020-04-09,Silver
3294,75,POPLATEK MESICNE,960409,Savings account,2020-04-09,Silver
1920,40,POPLATEK MESICNE,960408,Salary account,2020-04-08,Silver
734,5,POPLATEK MESICNE,960408,Salary account,2020-04-08,Silver
8085,73,POPLATEK MESICNE,960408,Salary account,2020-04-08,Silver
1948,64,POPLATEK MESICNE,960408,Salary account,2020-04-08,Silver
3534,59,POPLATEK MESICNE,960408,Savings account,2020-04-08,Silver
278,73,POPLATEK MESICNE,960408,Salary account,2020-04-08,Silver
2012,4,POPLATEK MESICNE,960408,NRI account,2020-04-08,Silver
10345,36,POPLATEK MESICNE,960407,Savings account,2020-04-07,Silver
1450,63,POPLATEK MESICNE,960407,Savings account,2020-04-07,Silver
1461,73,POPLATEK MESICNE,960407,Savings account,2020-04-07,Silver
251,74,POPLATEK MESICNE,960406,Salary account,2020-04-06,Silver
3632,56,POPLATEK TYDNE,960406,Savings account,2020-04-06,Diamond
2929,51,POPLATEK MESICNE,960406,Savings account,2020-04-06,Silver
3116,54,POPLATEK MESICNE,960405,Savings account,2020-04-05,Silver
1521,74,POPLATEK MESICNE,960404,Savings account,2020-04-04,Silver
2909,58,POPLATEK MESICNE,960404,NRI account,2020-04-04,Silver
3706,8,POPLATEK MESICNE,960404,Savings account,2020-04-04,Silver
1847,47,POPLATEK MESICNE,960404,Salary account,2020-04-04,Silver
2335,70,POPLATEK MESICNE,960404,NRI account,2020-04-04,Silver
3041,70,POPLATEK MESICNE,960404,Salary account,2020-04-04,Silver
1932,35,POPLATEK MESICNE,960403,Savings account,2020-04-03,Silver
7565,59,POPLATEK MESICNE,960402,Savings account,2020-04-02,Silver
3308,40,POPLATEK MESICNE,960402,NRI account,2020-04-02,Silver
1832,70,POPLATEK MESICNE,960401,NRI account,2020-04-01,Silver
10065,76,POPLATEK MESICNE,960330,Savings account,2020-03-30,Silver
708,26,POPLATEK MESICNE,960330,Savings account,2020-03-30,Silver
3917,1,POPLATEK MESICNE,960330,Salary account,2020-03-30,Silver
514,70,POPLATEK MESICNE,960330,NRI account,2020-03-30,Silver
2659,14,POPLATEK MESICNE,960330,NRI account,2020-03-30,Silver
3265,52,POPLATEK PO OBRATU,960330,Salary account,2020-03-30,Gold
1351,40,POPLATEK MESICNE,960329,Savings account,2020-03-29,Silver
2631,1,POPLATEK MESICNE,960329,Savings account,2020-03-29,Silver
7520,9,POPLATEK MESICNE,960329,Savings account,2020-03-29,Silver
3422,21,POPLATEK MESICNE,960328,Savings account,2020-03-28,Silver
10049,17,POPLATEK MESICNE,960328,NRI account,2020-03-28,Silver
1250,62,POPLATEK MESICNE,960328,Savings account,2020-03-28,Silver
1384,74,POPLATEK TYDNE,960328,Salary account,2020-03-28,Diamond
2624,31,POPLATEK MESICNE,960328,Savings account,2020-03-28,Silver
3349,47,POPLATEK MESICNE,960328,Savings account,2020-03-28,Silver
3115,14,POPLATEK MESICNE,960327,Salary account,2020-03-27,Silver
208,54,POPLATEK MESICNE,960327,Savings account,2020-03-27,Silver
286,71,POPLATEK MESICNE,960327,NRI account,2020-03-27,Silver
898,71,POPLATEK MESICNE,960327,Savings account,2020-03-27,Silver
2936,3,POPLATEK MESICNE,960327,Savings account,2020-03-27,Silver
1170,25,POPLATEK MESICNE,960326,NRI account,2020-03-26,Silver
2650,72,POPLATEK MESICNE,960326,NRI account,2020-03-26,Silver
7890,23,POPLATEK MESICNE,960326,Salary account,2020-03-26,Silver
3219,1,POPLATEK MESICNE,960326,NRI account,2020-03-26,Silver
2578,54,POPLATEK MESICNE,960325,Savings account,2020-03-25,Silver
2708,1,POPLATEK MESICNE,960325,Savings account,2020-03-25,Silver
631,68,POPLATEK MESICNE,960325,NRI account,2020-03-25,Silver
3815,1,POPLATEK MESICNE,960324,Savings account,2020-03-24,Silver
3605,3,POPLATEK MESICNE,960324,Savings account,2020-03-24,Silver
3138,37,POPLATEK MESICNE,960324,Savings account,2020-03-24,Silver
2889,8,POPLATEK MESICNE,960323,Salary account,2020-03-23,Silver
1369,32,POPLATEK MESICNE,960323,NRI account,2020-03-23,Silver
2767,54,POPLATEK MESICNE,960323,Salary account,2020-03-23,Silver
4008,27,POPLATEK MESICNE,960323,Savings account,2020-03-23,Silver
874,56,POPLATEK TYDNE,960323,NRI account,2020-03-23,Diamond
3743,1,POPLATEK MESICNE,960322,Savings account,2020-03-22,Silver
2192,59,POPLATEK MESICNE,960322,NRI account,2020-03-22,Silver
2406,5,POPLATEK MESICNE,960322,NRI account,2020-03-22,Silver
116,8,POPLATEK MESICNE,960321,Savings account,2020-03-21,Silver
10436,60,POPLATEK MESICNE,960321,NRI account,2020-03-21,Silver
4214,1,POPLATEK MESICNE,960321,Salary account,2020-03-21,Silver
824,32,POPLATEK MESICNE,960321,Savings account,2020-03-21,Silver
853,1,POPLATEK MESICNE,960320,Savings account,2020-03-20,Silver
525,70,POPLATEK MESICNE,960320,Savings account,2020-03-20,Silver
3322,65,POPLATEK TYDNE,960320,Savings account,2020-03-20,Diamond
2033,71,POPLATEK MESICNE,960320,Savings account,2020-03-20,Silver
3130,13,POPLATEK MESICNE,960320,Salary account,2020-03-20,Silver
2904,13,POPLATEK MESICNE,960320,NRI account,2020-03-20,Silver
1014,74,POPLATEK MESICNE,960320,NRI account,2020-03-20,Silver
3672,26,POPLATEK MESICNE,960319,NRI account,2020-03-19,Silver
2334,50,POPLATEK MESICNE,960319,Savings account,2020-03-19,Silver
1028,23,POPLATEK MESICNE,960319,Savings account,2020-03-19,Silver
468,49,POPLATEK MESICNE,960319,NRI account,2020-03-19,Silver
3795,36,POPLATEK MESICNE,960318,NRI account,2020-03-18,Silver
865,17,POPLATEK MESICNE,960318,NRI account,2020-03-18,Silver
739,66,POPLATEK MESICNE,960318,Savings account,2020-03-18,Silver
210,48,POPLATEK MESICNE,960317,Savings account,2020-03-17,Silver
2864,54,POPLATEK MESICNE,960316,Salary account,2020-03-16,Silver
1980,49,POPLATEK MESICNE,960316,NRI account,2020-03-16,Silver
1445,60,POPLATEK MESICNE,960316,Salary account,2020-03-16,Silver
821,60,POPLATEK MESICNE,960316,NRI account,2020-03-16,Silver
5591,9,POPLATEK MESICNE,960316,Savings account,2020-03-16,Silver
236,72,POPLATEK MESICNE,960316,Salary account,2020-03-16,Silver
1365,42,POPLATEK MESICNE,960315,Salary account,2020-03-15,Silver
666,27,POPLATEK MESICNE,960315,NRI account,2020-03-15,Silver
9242,57,POPLATEK MESICNE,960315,NRI account,2020-03-15,Silver
4346,25,POPLATEK MESICNE,960315,NRI account,2020-03-15,Silver
3296,67,POPLATEK MESICNE,960315,Savings account,2020-03-15,Silver
2598,1,POPLATEK MESICNE,960314,NRI account,2020-03-14,Silver
2633,25,POPLATEK MESICNE,960314,Salary account,2020-03-14,Silver
1800,51,POPLATEK MESICNE,960314,Savings account,2020-03-14,Silver
1698,68,POPLATEK MESICNE,960314,NRI account,2020-03-14,Silver
3994,15,POPLATEK MESICNE,960314,Salary account,2020-03-14,Silver
3455,34,POPLATEK MESICNE,960313,NRI account,2020-03-13,Silver
4092,74,POPLATEK MESICNE,960313,Savings account,2020-03-13,Silver
10807,34,POPLATEK MESICNE,960313,NRI account,2020-03-13,Silver
895,24,POPLATEK MESICNE,960312,Savings account,2020-03-12,Silver
840,70,POPLATEK MESICNE,960312,Savings account,2020-03-12,Silver
2263,36,POPLATEK MESICNE,960312,NRI account,2020-03-12,Silver
356,70,POPLATEK MESICNE,960312,Salary account,2020-03-12,Silver
4863,5,POPLATEK MESICNE,960312,Salary account,2020-03-12,Silver
4361,69,POPLATEK MESICNE,960311,Savings account,2020-03-11,Silver
1722,32,POPLATEK MESICNE,960311,NRI account,2020-03-11,Silver
4273,15,POPLATEK MESICNE,960311,Savings account,2020-03-11,Silver
1510,33,POPLATEK MESICNE,960311,Salary account,2020-03-11,Silver
357,20,POPLATEK MESICNE,960310,Savings account,2020-03-10,Silver
103,44,POPLATEK MESICNE,960310,Salary account,2020-03-10,Silver
3118,48,POPLATEK MESICNE,960310,NRI account,2020-03-10,Silver
2105,70,POPLATEK MESICNE,960309,Salary account,2020-03-09,Silver
3144,67,POPLATEK MESICNE,960309,Salary account,2020-03-09,Silver
846,72,POPLATEK MESICNE,960309,NRI account,2020-03-09,Silver
3121,46,POPLATEK MESICNE,960308,Savings account,2020-03-08,Silver
3088,18,POPLATEK MESICNE,960308,Savings account,2020-03-08,Silver
3952,26,POPLATEK MESICNE,960308,Savings account,2020-03-08,Silver
3974,55,POPLATEK MESICNE,960308,NRI account,2020-03-08,Silver
3502,74,POPLATEK MESICNE,960308,NRI account,2020-03-08,Silver
3351,70,POPLATEK MESICNE,960308,Salary account,2020-03-08,Silver
1606,23,POPLATEK MESICNE,960307,Savings account,2020-03-07,Silver
3263,44,POPLATEK MESICNE,960307,NRI account,2020-03-07,Silver
2289,1,POPLATEK MESICNE,960307,Savings account,2020-03-07,Silver
2062,70,POPLATEK MESICNE,960306,Savings account,2020-03-06,Silver
141,38,POPLATEK MESICNE,960306,Savings account,2020-03-06,Silver
1763,73,POPLATEK MESICNE,960306,Salary account,2020-03-06,Silver
2611,1,POPLATEK MESICNE,960306,Salary account,2020-03-06,Silver
825,19,POPLATEK MESICNE,960306,Savings account,2020-03-06,Silver
3943,71,POPLATEK MESICNE,960306,NRI account,2020-03-06,Silver
9422,70,POPLATEK MESICNE,960306,Savings account,2020-03-06,Silver
3709,74,POPLATEK MESICNE,960305,NRI account,2020-03-05,Silver
1349,75,POPLATEK MESICNE,960305,NRI account,2020-03-05,Silver
1886,32,POPLATEK MESICNE,960305,Salary account,2020-03-05,Silver
1897,61,POPLATEK PO OBRATU,960305,Savings account,2020-03-05,Gold
1564,48,POPLATEK MESICNE,960305,Savings account,2020-03-05,Silver
3462,51,POPLATEK MESICNE,960304,NRI account,2020-03-04,Silver
3881,21,POPLATEK MESICNE,960304,Savings account,2020-03-04,Silver
856,2,POPLATEK MESICNE,960303,Salary account,2020-03-03,Silver
718,1,POPLATEK MESICNE,960303,Salary account,2020-03-03,Silver
3698,1,POPLATEK MESICNE,960303,NRI account,2020-03-03,Silver
3366,68,POPLATEK MESICNE,960302,Savings account,2020-03-02,Silver
936,7,POPLATEK MESICNE,960302,NRI account,2020-03-02,Silver
4088,45,POPLATEK MESICNE,960301,Savings account,2020-03-01,Silver
3409,23,POPLATEK MESICNE,960301,Salary account,2020-03-01,Silver
1216,77,POPLATEK MESICNE,960301,Salary account,2020-03-01,Silver
2491,76,POPLATEK MESICNE,960301,NRI account,2020-03-01,Silver
2498,40,POPLATEK MESICNE,960301,Salary account,2020-03-01,Silver
3193,74,POPLATEK MESICNE,960227,Salary account,2020-02-27,Silver
5593,15,POPLATEK MESICNE,960227,NRI account,2020-02-27,Silver
167,29,POPLATEK TYDNE,960226,Salary account,2020-02-26,Diamond
2187,9,POPLATEK TYDNE,960226,NRI account,2020-02-26,Diamond
3079,18,POPLATEK MESICNE,960226,Savings account,2020-02-26,Silver
3286,8,POPLATEK MESICNE,960226,NRI account,2020-02-26,Silver
230,1,POPLATEK MESICNE,960226,NRI account,2020-02-26,Silver
5692,66,POPLATEK MESICNE,960225,Savings account,2020-02-25,Silver
1265,49,POPLATEK MESICNE,960225,Salary account,2020-02-25,Silver
590,50,POPLATEK MESICNE,960224,Savings account,2020-02-24,Silver
3924,70,POPLATEK MESICNE,960224,Salary account,2020-02-24,Silver
2772,11,POPLATEK MESICNE,960224,NRI account,2020-02-24,Silver
1962,77,POPLATEK MESICNE,960224,Savings account,2020-02-24,Silver
10478,70,POPLATEK TYDNE,960224,Salary account,2020-02-24,Diamond
3016,26,POPLATEK MESICNE,960223,Savings account,2020-02-23,Silver
827,36,POPLATEK MESICNE,960223,Savings account,2020-02-23,Silver
959,1,POPLATEK MESICNE,960223,Savings account,2020-02-23,Silver
1585,42,POPLATEK MESICNE,960223,NRI account,2020-02-23,Silver
2804,53,POPLATEK MESICNE,960222,Salary account,2020-02-22,Silver
1310,1,POPLATEK MESICNE,960222,Salary account,2020-02-22,Silver
3721,22,POPLATEK MESICNE,960221,Salary account,2020-02-21,Silver
184,77,POPLATEK MESICNE,960221,Salary account,2020-02-21,Silver
691,24,POPLATEK MESICNE,960221,Salary account,2020-02-21,Silver
10233,27,POPLATEK MESICNE,960221,Savings account,2020-02-21,Silver
3358,44,POPLATEK MESICNE,960221,Salary account,2020-02-21,Silver
4,12,POPLATEK MESICNE,960221,Salary account,2020-02-21,Silver
3151,6,POPLATEK MESICNE,960221,Salary account,2020-02-21,Silver
2017,54,POPLATEK MESICNE,960221,Salary account,2020-02-21,Silver
2403,25,POPLATEK MESICNE,960220,Salary account,2020-02-20,Silver
1732,51,POPLATEK MESICNE,960220,Salary account,2020-02-20,Silver
1380,53,POPLATEK MESICNE,960219,Salary account,2020-02-19,Silver
2304,49,POPLATEK MESICNE,960219,Savings account,2020-02-19,Silver
3754,37,POPLATEK TYDNE,960219,NRI account,2020-02-19,Diamond
1102,70,POPLATEK MESICNE,960219,Savings account,2020-02-19,Silver
55,20,POPLATEK MESICNE,960219,NRI account,2020-02-19,Silver
466,71,POPLATEK MESICNE,960218,NRI account,2020-02-18,Silver
3335,35,POPLATEK MESICNE,960218,NRI account,2020-02-18,Silver
620,26,POPLATEK MESICNE,960218,NRI account,2020-02-18,Silver
2074,12,POPLATEK MESICNE,960218,NRI account,2020-02-18,Silver
3578,1,POPLATEK MESICNE,960217,Salary account,2020-02-17,Silver
2226,2,POPLATEK MESICNE,960217,NRI account,2020-02-17,Silver
1111,5,POPLATEK MESICNE,960216,Salary account,2020-02-16,Silver
3680,27,POPLATEK MESICNE,960216,Salary account,2020-02-16,Silver
1916,72,POPLATEK MESICNE,960216,Savings account,2020-02-16,Silver
2473,14,POPLATEK MESICNE,960216,Salary account,2020-02-16,Silver
390,44,POPLATEK MESICNE,960216,Salary account,2020-02-16,Silver
3439,16,POPLATEK MESICNE,960216,Salary account,2020-02-16,Silver
7594,16,POPLATEK MESICNE,960216,Savings account,2020-02-16,Silver
1836,42,POPLATEK MESICNE,960215,Salary account,2020-02-15,Silver
3468,32,POPLATEK MESICNE,960214,NRI account,2020-02-14,Silver
3979,37,POPLATEK MESICNE,960214,Savings account,2020-02-14,Silver
296,49,POPLATEK MESICNE,960214,Savings account,2020-02-14,Silver
2600,1,POPLATEK MESICNE,960213,Savings account,2020-02-13,Silver
1737,77,POPLATEK MESICNE,960213,Salary account,2020-02-13,Silver
2993,1,POPLATEK TYDNE,960213,Savings account,2020-02-13,Diamond
2753,26,POPLATEK MESICNE,960213,Savings account,2020-02-13,Silver
2409,76,POPLATEK MESICNE,960213,NRI account,2020-02-13,Silver
949,58,POPLATEK MESICNE,960213,Salary account,2020-02-13,Silver
2212,33,POPLATEK MESICNE,960212,Savings account,2020-02-12,Silver
1964,25,POPLATEK MESICNE,960212,Savings account,2020-02-12,Silver
4999,1,POPLATEK MESICNE,960212,NRI account,2020-02-12,Silver
8680,17,POPLATEK MESICNE,960212,NRI account,2020-02-12,Silver
1612,66,POPLATEK MESICNE,960212,Savings account,2020-02-12,Silver
2390,1,POPLATEK MESICNE,960212,Savings account,2020-02-12,Silver
3597,1,POPLATEK PO OBRATU,960211,NRI account,2020-02-11,Gold
1611,69,POPLATEK MESICNE,960211,Savings account,2020-02-11,Silver
2230,7,POPLATEK MESICNE,960211,Salary account,2020-02-11,Silver
3933,61,POPLATEK MESICNE,960211,Savings account,2020-02-11,Silver
3890,50,POPLATEK MESICNE,960210,NRI account,2020-02-10,Silver
6686,61,POPLATEK MESICNE,960210,Savings account,2020-02-10,Silver
3519,52,POPLATEK MESICNE,960210,Savings account,2020-02-10,Silver
1922,60,POPLATEK MESICNE,960209,NRI account,2020-02-09,Silver
264,15,POPLATEK MESICNE,960209,NRI account,2020-02-09,Silver
1233,31,POPLATEK MESICNE,960208,Savings account,2020-02-08,Silver
2719,10,POPLATEK MESICNE,960208,NRI account,2020-02-08,Silver
516,6,POPLATEK MESICNE,960208,Salary account,2020-02-08,Silver
2551,5,POPLATEK MESICNE,960208,Salary account,2020-02-08,Silver
2499,2,POPLATEK MESICNE,960208,Savings account,2020-02-08,Silver
2893,39,POPLATEK MESICNE,960208,Savings account,2020-02-08,Silver
923,13,POPLATEK MESICNE,960207,NRI account,2020-02-07,Silver
1744,76,POPLATEK MESICNE,960207,NRI account,2020-02-07,Silver
2890,69,POPLATEK MESICNE,960207,Savings account,2020-02-07,Silver
218,68,POPLATEK MESICNE,960206,NRI account,2020-02-06,Silver
804,64,POPLATEK MESICNE,960206,Savings account,2020-02-06,Silver
2774,42,POPLATEK MESICNE,960205,Savings account,2020-02-05,Silver
2469,11,POPLATEK MESICNE,960205,Savings account,2020-02-05,Silver
3931,28,POPLATEK MESICNE,960205,NRI account,2020-02-05,Silver
2348,65,POPLATEK MESICNE,960205,Salary account,2020-02-05,Silver
2635,27,POPLATEK MESICNE,960204,NRI account,2020-02-04,Silver
1623,1,POPLATEK MESICNE,960204,Salary account,2020-02-04,Silver
4293,64,POPLATEK PO OBRATU,960204,NRI account,2020-02-04,Gold
4851,52,POPLATEK MESICNE,960204,Savings account,2020-02-04,Silver
6512,34,POPLATEK TYDNE,960203,NRI account,2020-02-03,Diamond
1963,42,POPLATEK MESICNE,960203,NRI account,2020-02-03,Silver
1977,41,POPLATEK MESICNE,960203,NRI account,2020-02-03,Silver
5181,75,POPLATEK MESICNE,960203,Savings account,2020-02-03,Silver
1791,1,POPLATEK MESICNE,960203,Savings account,2020-02-03,Silver
1859,50,POPLATEK MESICNE,960202,Salary account,2020-02-02,Silver
2109,34,POPLATEK MESICNE,960202,NRI account,2020-02-02,Silver
2106,1,POPLATEK MESICNE,960201,Savings account,2020-02-01,Silver
355,62,POPLATEK TYDNE,960201,NRI account,2020-02-01,Diamond
2702,74,POPLATEK MESICNE,960201,Salary account,2020-02-01,Silver
11054,59,POPLATEK TYDNE,960201,NRI account,2020-02-01,Diamond
10558,40,POPLATEK MESICNE,960201,Salary account,2020-02-01,Silver
3389,13,POPLATEK MESICNE,960130,Savings account,2020-01-30,Silver
4204,21,POPLATEK MESICNE,960129,Savings account,2020-01-29,Silver
9504,9,POPLATEK MESICNE,960129,NRI account,2020-01-29,Silver
414,1,POPLATEK MESICNE,960129,Salary account,2020-01-29,Silver
4424,48,POPLATEK MESICNE,960129,Savings account,2020-01-29,Silver
3084,59,POPLATEK TYDNE,960128,NRI account,2020-01-28,Diamond
2217,73,POPLATEK MESICNE,960127,Savings account,2020-01-27,Silver
262,75,POPLATEK MESICNE,960127,Salary account,2020-01-27,Silver
2214,45,POPLATEK MESICNE,960127,NRI account,2020-01-27,Silver
976,77,POPLATEK MESICNE,960127,NRI account,2020-01-27,Silver
1439,11,POPLATEK MESICNE,960127,NRI account,2020-01-27,Silver
417,73,POPLATEK MESICNE,960127,Salary account,2020-01-27,Silver
3803,61,POPLATEK MESICNE,960126,Salary account,2020-01-26,Silver
2754,57,POPLATEK TYDNE,960126,Savings account,2020-01-26,Diamond
3009,1,POPLATEK MESICNE,960126,NRI account,2020-01-26,Silver
314,15,POPLATEK PO OBRATU,960126,Salary account,2020-01-26,Gold
554,26,POPLATEK MESICNE,960126,Savings account,2020-01-26,Silver
1759,39,POPLATEK MESICNE,960125,NRI account,2020-01-25,Silver
2207,35,POPLATEK MESICNE,960125,Savings account,2020-01-25,Silver
2243,25,POPLATEK MESICNE,960124,Salary account,2020-01-24,Silver
3993,54,POPLATEK MESICNE,960124,Salary account,2020-01-24,Silver
2225,15,POPLATEK MESICNE,960124,Savings account,2020-01-24,Silver
9645,38,POPLATEK MESICNE,960123,NRI account,2020-01-23,Silver
3947,76,POPLATEK MESICNE,960123,Savings account,2020-01-23,Silver
2416,5,POPLATEK MESICNE,960123,Savings account,2020-01-23,Silver
4981,54,POPLATEK MESICNE,960122,Savings account,2020-01-22,Silver
771,22,POPLATEK MESICNE,960122,NRI account,2020-01-22,Silver
3832,45,POPLATEK MESICNE,960122,Savings account,2020-01-22,Silver
1508,69,POPLATEK MESICNE,960122,Savings account,2020-01-22,Silver
3784,25,POPLATEK MESICNE,960122,Savings account,2020-01-22,Silver
412,74,POPLATEK MESICNE,960121,NRI account,2020-01-21,Silver
2863,14,POPLATEK MESICNE,960121,Salary account,2020-01-21,Silver
2274,66,POPLATEK MESICNE,960121,Salary account,2020-01-21,Silver
2522,36,POPLATEK MESICNE,960121,Savings account,2020-01-21,Silver
3755,64,POPLATEK MESICNE,960120,NRI account,2020-01-20,Silver
1298,7,POPLATEK MESICNE,960120,Salary account,2020-01-20,Silver
1139,34,POPLATEK PO OBRATU,960120,NRI account,2020-01-20,Gold
660,68,POPLATEK MESICNE,960120,NRI account,2020-01-20,Silver
335,74,POPLATEK MESICNE,960120,Salary account,2020-01-20,Silver
3727,66,POPLATEK MESICNE,960119,NRI account,2020-01-19,Silver
2844,43,POPLATEK MESICNE,960119,Salary account,2020-01-19,Silver
10297,14,POPLATEK MESICNE,960119,Savings account,2020-01-19,Silver
3373,27,POPLATEK MESICNE,960118,NRI account,2020-01-18,Silver
1036,11,POPLATEK MESICNE,960118,Savings account,2020-01-18,Silver
9051,5,POPLATEK TYDNE,960117,Savings account,2020-01-17,Diamond
4253,43,POPLATEK MESICNE,960116,Salary account,2020-01-16,Silver
1196,29,POPLATEK MESICNE,960116,NRI account,2020-01-16,Silver
3442,4,POPLATEK MESICNE,960116,Savings account,2020-01-16,Silver
1486,63,POPLATEK MESICNE,960115,NRI account,2020-01-15,Silver
1093,54,POPLATEK MESICNE,960114,Salary account,2020-01-14,Silver
1632,18,POPLATEK TYDNE,960113,Savings account,2020-01-13,Diamond
2143,1,POPLATEK MESICNE,960113,Savings account,2020-01-13,Silver
1227,69,POPLATEK MESICNE,960113,NRI account,2020-01-13,Silver
204,67,POPLATEK MESICNE,960113,NRI account,2020-01-13,Silver
332,36,POPLATEK MESICNE,960112,Salary account,2020-01-12,Silver
69,64,POPLATEK MESICNE,960112,NRI account,2020-01-12,Silver
3673,30,POPLATEK MESICNE,960112,NRI account,2020-01-12,Silver
5267,4,POPLATEK MESICNE,960112,Salary account,2020-01-12,Silver
3170,1,POPLATEK MESICNE,960112,NRI account,2020-01-12,Silver
3661,50,POPLATEK MESICNE,960111,Salary account,2020-01-11,Silver
2686,26,POPLATEK MESICNE,960111,Savings account,2020-01-11,Silver
2944,22,POPLATEK MESICNE,960111,NRI account,2020-01-11,Silver
4994,1,POPLATEK TYDNE,960111,Savings account,2020-01-11,Diamond
3949,54,POPLATEK MESICNE,960111,NRI account,2020-01-11,Silver
3937,76,POPLATEK MESICNE,960110,Savings account,2020-01-10,Silver
1591,65,POPLATEK MESICNE,960110,Salary account,2020-01-10,Silver
658,4,POPLATEK MESICNE,960110,Savings account,2020-01-10,Silver
3638,52,POPLATEK PO OBRATU,960110,NRI account,2020-01-10,Gold
2605,21,POPLATEK MESICNE,960110,Savings account,2020-01-10,Silver
1483,10,POPLATEK MESICNE,960109,Salary account,2020-01-09,Silver
1263,30,POPLATEK TYDNE,960109,Savings account,2020-01-09,Diamond
3966,42,POPLATEK MESICNE,960109,Salary account,2020-01-09,Silver
954,74,POPLATEK MESICNE,960108,NRI account,2020-01-08,Silver
9633,70,POPLATEK MESICNE,960108,Salary account,2020-01-08,Silver
2716,66,POPLATEK MESICNE,960108,Savings account,2020-01-08,Silver
1580,69,POPLATEK MESICNE,960108,Salary account,2020-01-08,Silver
2567,17,POPLATEK MESICNE,960107,Salary account,2020-01-07,Silver
2153,31,POPLATEK TYDNE,960107,Savings account,2020-01-07,Diamond
1243,1,POPLATEK MESICNE,960107,Savings account,2020-01-07,Silver
3238,47,POPLATEK MESICNE,960107,Savings account,2020-01-07,Silver
646,51,POPLATEK MESICNE,960106,Savings account,2020-01-06,Silver
2548,57,POPLATEK MESICNE,960106,NRI account,2020-01-06,Silver
7828,36,POPLATEK MESICNE,960105,Salary account,2020-01-05,Silver
9024,1,POPLATEK MESICNE,960105,Savings account,2020-01-05,Silver
1711,63,POPLATEK MESICNE,960105,NRI account,2020-01-05,Silver
2223,44,POPLATEK MESICNE,960105,Salary account,2020-01-05,Silver
1455,66,POPLATEK MESICNE,960103,Salary account,2020-01-03,Silver
1311,60,POPLATEK MESICNE,960103,NRI account,2020-01-03,Silver
6678,54,POPLATEK MESICNE,960103,Salary account,2020-01-03,Silver
145,31,POPLATEK MESICNE,960103,Savings account,2020-01-03,Silver
312,41,POPLATEK MESICNE,960103,Salary account,2020-01-03,Silver
2233,43,POPLATEK MESICNE,960103,Salary account,2020-01-03,Silver
3530,34,POPLATEK MESICNE,960103,Savings account,2020-01-03,Silver
3278,4,POPLATEK MESICNE,960102,NRI account,2020-01-02,Silver
2811,4,POPLATEK MESICNE,960102,Savings account,2020-01-02,Silver
1670,12,POPLATEK MESICNE,960102,Salary account,2020-01-02,Silver
275,29,POPLATEK MESICNE,960102,Salary account,2020-01-02,Silver
3968,36,POPLATEK MESICNE,960101,NRI account,2020-01-01,Silver
2159,1,POPLATEK MESICNE,960101,Salary account,2020-01-01,Silver
849,1,POPLATEK MESICNE,960101,Savings account,2020-01-01,Silver
2288,69,POPLATEK MESICNE,960101,NRI account,2020-01-01,Silver
3051,9,POPLATEK MESICNE,960101,NRI account,2020-01-01,Silver
946,21,POPLATEK MESICNE,960101,Savings account,2020-01-01,Silver
2075,33,POPLATEK MESICNE,960101,Savings account,2020-01-01,Silver
8931,63,POPLATEK TYDNE,960101,NRI account,2020-01-01,Diamond
9225,11,POPLATEK MESICNE,960101,NRI account,2020-01-01,Silver
3559,18,POPLATEK MESICNE,951230,Salary account,2019-12-30,Silver
2780,63,POPLATEK MESICNE,951229,NRI account,2019-12-29,Silver
3273,74,POPLATEK MESICNE,951229,Salary account,2019-12-29,Silver
4462,73,POPLATEK TYDNE,951227,NRI account,2019-12-27,Diamond
3814,74,POPLATEK MESICNE,951227,Savings account,2019-12-27,Silver
84,44,POPLATEK PO OBRATU,951225,Salary account,2019-12-25,Gold
4439,30,POPLATEK MESICNE,951225,Savings account,2019-12-25,Silver
3587,64,POPLATEK MESICNE,951224,Savings account,2019-12-24,Silver
4269,26,POPLATEK MESICNE,951224,NRI account,2019-12-24,Silver
3338,25,POPLATEK MESICNE,951224,Savings account,2019-12-24,Silver
3655,1,POPLATEK MESICNE,951224,Salary account,2019-12-24,Silver
957,70,POPLATEK MESICNE,951222,NRI account,2019-12-22,Silver
1682,49,POPLATEK MESICNE,951222,Salary account,2019-12-22,Silver
2630,64,POPLATEK MESICNE,951221,Salary account,2019-12-21,Silver
3092,46,POPLATEK MESICNE,951220,NRI account,2019-12-20,Silver
5661,53,POPLATEK MESICNE,951220,Savings account,2019-12-20,Silver
809,36,POPLATEK MESICNE,951220,NRI account,2019-12-20,Silver
522,17,POPLATEK MESICNE,951220,NRI account,2019-12-20,Silver
2095,56,POPLATEK MESICNE,951219,NRI account,2019-12-19,Silver
1137,60,POPLATEK MESICNE,951219,Salary account,2019-12-19,Silver
2570,1,POPLATEK MESICNE,951219,Savings account,2019-12-19,Silver
1212,70,POPLATEK MESICNE,951218,NRI account,2019-12-18,Silver
8039,9,POPLATEK MESICNE,951217,NRI account,2019-12-17,Silver
3205,1,POPLATEK MESICNE,951217,Savings account,2019-12-17,Silver
5477,57,POPLATEK MESICNE,951217,NRI account,2019-12-17,Silver
3476,3,POPLATEK MESICNE,951216,Savings account,2019-12-16,Silver
5001,53,POPLATEK MESICNE,951215,NRI account,2019-12-15,Silver
1469,67,POPLATEK MESICNE,951215,NRI account,2019-12-15,Silver
791,49,POPLATEK MESICNE,951214,Salary account,2019-12-14,Silver
3858,2,POPLATEK MESICNE,951214,NRI account,2019-12-14,Silver
2237,26,POPLATEK MESICNE,951213,Savings account,2019-12-13,Silver
1917,73,POPLATEK MESICNE,951213,NRI account,2019-12-13,Silver
1685,28,POPLATEK MESICNE,951213,NRI account,2019-12-13,Silver
924,11,POPLATEK MESICNE,951209,Savings account,2019-12-09,Silver
3305,13,POPLATEK MESICNE,951209,Salary account,2019-12-09,Silver
2692,28,POPLATEK MESICNE,951208,NRI account,2019-12-08,Silver
6927,74,POPLATEK TYDNE,951208,Savings account,2019-12-08,Diamond
2374,1,POPLATEK MESICNE,951207,Salary account,2019-12-07,Silver
1104,39,POPLATEK MESICNE,951207,Savings account,2019-12-07,Silver
474,61,POPLATEK MESICNE,951206,Savings account,2019-12-06,Silver
633,57,POPLATEK MESICNE,951206,Salary account,2019-12-06,Silver
1825,3,POPLATEK MESICNE,951205,Salary account,2019-12-05,Silver
253,46,POPLATEK MESICNE,951205,Savings account,2019-12-05,Silver
2437,1,POPLATEK MESICNE,951204,Salary account,2019-12-04,Silver
2309,18,POPLATEK MESICNE,951203,Savings account,2019-12-03,Silver
2851,17,POPLATEK MESICNE,951202,Salary account,2019-12-02,Silver
2803,58,POPLATEK MESICNE,951201,Salary account,2019-12-01,Silver
1901,15,POPLATEK MESICNE,951201,Salary account,2019-12-01,Silver
3525,70,POPLATEK MESICNE,951201,Salary account,2019-12-01,Silver
3320,1,POPLATEK MESICNE,951201,Salary account,2019-12-01,Silver
452,63,POPLATEK MESICNE,951129,Savings account,2019-11-29,Silver
3783,40,POPLATEK MESICNE,951129,Savings account,2019-11-29,Silver
3189,29,POPLATEK MESICNE,951129,NRI account,2019-11-29,Silver
3689,8,POPLATEK MESICNE,951129,Salary account,2019-11-29,Silver
728,60,POPLATEK MESICNE,951128,Savings account,2019-11-28,Silver
3970,24,POPLATEK MESICNE,951128,NRI account,2019-11-28,Silver
8169,29,POPLATEK MESICNE,951128,Salary account,2019-11-28,Silver
3973,20,POPLATEK MESICNE,951127,NRI account,2019-11-27,Silver
2043,46,POPLATEK MESICNE,951127,NRI account,2019-11-27,Silver
2003,32,POPLATEK MESICNE,951127,NRI account,2019-11-27,Silver
557,1,POPLATEK MESICNE,951126,Savings account,2019-11-26,Silver
3490,48,POPLATEK MESICNE,951126,NRI account,2019-11-26,Silver
2015,68,POPLATEK MESICNE,951125,Salary account,2019-11-25,Silver
2341,33,POPLATEK MESICNE,951125,Salary account,2019-11-25,Silver
565,39,POPLATEK MESICNE,951125,NRI account,2019-11-25,Silver
337,17,POPLATEK MESICNE,951125,Salary account,2019-11-25,Silver
3780,44,POPLATEK MESICNE,951125,Salary account,2019-11-25,Silver
10411,39,POPLATEK PO OBRATU,951123,Savings account,2019-11-23,Gold
2783,43,POPLATEK MESICNE,951123,NRI account,2019-11-23,Silver
9017,70,POPLATEK MESICNE,951122,NRI account,2019-11-22,Silver
486,33,POPLATEK MESICNE,951121,NRI account,2019-11-21,Silver
1395,1,POPLATEK MESICNE,951121,Savings account,2019-11-21,Silver
1341,36,POPLATEK MESICNE,951121,NRI account,2019-11-21,Silver
1357,56,POPLATEK MESICNE,951120,NRI account,2019-11-20,Silver
3772,7,POPLATEK MESICNE,951120,Savings account,2019-11-20,Silver
3148,33,POPLATEK MESICNE,951119,Salary account,2019-11-19,Silver
933,21,POPLATEK MESICNE,951118,Salary account,2019-11-18,Silver
3229,64,POPLATEK MESICNE,951118,Savings account,2019-11-18,Silver
1700,64,POPLATEK MESICNE,951118,NRI account,2019-11-18,Silver
2836,42,POPLATEK MESICNE,951118,NRI account,2019-11-18,Silver
338,49,POPLATEK MESICNE,951118,Savings account,2019-11-18,Silver
3303,1,POPLATEK MESICNE,951117,NRI account,2019-11-17,Silver
2516,6,POPLATEK MESICNE,951116,Salary account,2019-11-16,Silver
3767,1,POPLATEK MESICNE,951115,NRI account,2019-11-15,Silver
348,25,POPLATEK MESICNE,951115,NRI account,2019-11-15,Silver
1867,52,POPLATEK MESICNE,951115,Savings account,2019-11-15,Silver
487,40,POPLATEK MESICNE,951114,Salary account,2019-11-14,Silver
3572,65,POPLATEK MESICNE,951112,NRI account,2019-11-12,Silver
1030,57,POPLATEK MESICNE,951112,Savings account,2019-11-12,Silver
968,74,POPLATEK MESICNE,951111,NRI account,2019-11-11,Silver
810,46,POPLATEK MESICNE,951111,Savings account,2019-11-11,Silver
1760,53,POPLATEK MESICNE,951111,Savings account,2019-11-11,Silver
2550,67,POPLATEK MESICNE,951111,NRI account,2019-11-11,Silver
1599,57,POPLATEK MESICNE,951110,NRI account,2019-11-10,Silver
11079,16,POPLATEK MESICNE,951110,Savings account,2019-11-10,Silver
1044,14,POPLATEK MESICNE,951109,Savings account,2019-11-09,Silver
1945,56,POPLATEK MESICNE,951109,Salary account,2019-11-09,Silver
9790,52,POPLATEK MESICNE,951109,NRI account,2019-11-09,Silver
9928,60,POPLATEK MESICNE,951109,NRI account,2019-11-09,Silver
2580,60,POPLATEK MESICNE,951109,NRI account,2019-11-09,Silver
2157,77,POPLATEK MESICNE,951108,Salary account,2019-11-08,Silver
2051,64,POPLATEK TYDNE,951108,NRI account,2019-11-08,Diamond
3061,76,POPLATEK MESICNE,951108,NRI account,2019-11-08,Silver
3111,60,POPLATEK MESICNE,951108,Savings account,2019-11-08,Silver
1691,48,POPLATEK MESICNE,951108,Savings account,2019-11-08,Silver
155,58,POPLATEK MESICNE,951107,Savings account,2019-11-07,Silver
3945,50,POPLATEK MESICNE,951107,NRI account,2019-11-07,Silver
3384,14,POPLATEK MESICNE,951105,Savings account,2019-11-05,Silver
257,11,POPLATEK MESICNE,951105,Salary account,2019-11-05,Silver
479,1,POPLATEK MESICNE,951105,Salary account,2019-11-05,Silver
3764,69,POPLATEK MESICNE,951105,Salary account,2019-11-05,Silver
820,74,POPLATEK MESICNE,951104,Salary account,2019-11-04,Silver
9353,59,POPLATEK MESICNE,951103,NRI account,2019-11-03,Silver
1403,17,POPLATEK MESICNE,951102,Savings account,2019-11-02,Silver
1629,10,POPLATEK MESICNE,951102,NRI account,2019-11-02,Silver
10710,19,POPLATEK MESICNE,951030,NRI account,2019-10-30,Silver
2871,52,POPLATEK MESICNE,951030,Savings account,2019-10-30,Silver
3080,57,POPLATEK MESICNE,951029,NRI account,2019-10-29,Silver
2621,55,POPLATEK MESICNE,951029,NRI account,2019-10-29,Silver
1238,1,POPLATEK MESICNE,951029,Salary account,2019-10-29,Silver
3637,53,POPLATEK MESICNE,951028,Salary account,2019-10-28,Silver
2481,1,POPLATEK MESICNE,951028,Savings account,2019-10-28,Silver
1426,40,POPLATEK MESICNE,951027,Savings account,2019-10-27,Silver
602,43,POPLATEK MESICNE,951027,Savings account,2019-10-27,Silver
1756,38,POPLATEK MESICNE,951026,Salary account,2019-10-26,Silver
2500,61,POPLATEK MESICNE,951026,Savings account,2019-10-26,Silver
2727,1,POPLATEK MESICNE,951025,Salary account,2019-10-25,Silver
10520,55,POPLATEK PO OBRATU,951024,Salary account,2019-10-24,Gold
2515,64,POPLATEK MESICNE,951024,Salary account,2019-10-24,Silver
10762,1,POPLATEK MESICNE,951023,Salary account,2019-10-23,Silver
3131,21,POPLATEK MESICNE,951023,NRI account,2019-10-23,Silver
2235,45,POPLATEK MESICNE,951022,Savings account,2019-10-22,Silver
2487,42,POPLATEK MESICNE,951022,Salary account,2019-10-22,Silver
1206,70,POPLATEK MESICNE,951021,Savings account,2019-10-21,Silver
501,13,POPLATEK MESICNE,951021,NRI account,2019-10-21,Silver
3200,17,POPLATEK PO OBRATU,951020,NRI account,2019-10-20,Gold
3646,63,POPLATEK TYDNE,951020,NRI account,2019-10-20,Diamond
1142,74,POPLATEK MESICNE,951019,Savings account,2019-10-19,Silver
762,76,POPLATEK MESICNE,951018,NRI account,2019-10-18,Silver
319,47,POPLATEK TYDNE,951017,NRI account,2019-10-17,Diamond
336,62,POPLATEK MESICNE,951016,Salary account,2019-10-16,Silver
308,61,POPLATEK MESICNE,951016,Salary account,2019-10-16,Silver
4650,4,POPLATEK MESICNE,951015,NRI account,2019-10-15,Silver
2255,52,POPLATEK MESICNE,951014,Salary account,2019-10-14,Silver
11362,67,POPLATEK MESICNE,951014,NRI account,2019-10-14,Silver
1796,18,POPLATEK MESICNE,951014,NRI account,2019-10-14,Silver
2834,70,POPLATEK MESICNE,951014,NRI account,2019-10-14,Silver
8114,59,POPLATEK MESICNE,951014,NRI account,2019-10-14,Silver
260,24,POPLATEK MESICNE,951014,Savings account,2019-10-14,Silver
1749,64,POPLATEK MESICNE,951014,NRI account,2019-10-14,Silver
2424,1,POPLATEK MESICNE,951013,Savings account,2019-10-13,Silver
917,56,POPLATEK MESICNE,951013,Salary account,2019-10-13,Silver
1581,39,POPLATEK MESICNE,951012,Savings account,2019-10-12,Silver
5063,43,POPLATEK MESICNE,951011,Salary account,2019-10-11,Silver
1257,66,POPLATEK MESICNE,951011,NRI account,2019-10-11,Silver
990,17,POPLATEK MESICNE,951011,NRI account,2019-10-11,Silver
2965,6,POPLATEK MESICNE,951010,Savings account,2019-10-10,Silver
2301,22,POPLATEK MESICNE,951010,NRI account,2019-10-10,Silver
2674,50,POPLATEK MESICNE,951010,Savings account,2019-10-10,Silver
11,76,POPLATEK MESICNE,951010,Salary account,2019-10-10,Silver
8533,47,POPLATEK MESICNE,951010,Salary account,2019-10-10,Silver
1089,74,POPLATEK MESICNE,951010,Savings account,2019-10-10,Silver
6400,31,POPLATEK PO OBRATU,951009,Salary account,2019-10-09,Gold
3486,64,POPLATEK MESICNE,951009,Salary account,2019-10-09,Silver
4473,45,POPLATEK MESICNE,951009,Salary account,2019-10-09,Silver
521,9,POPLATEK MESICNE,951008,Salary account,2019-10-08,Silver
3132,56,POPLATEK MESICNE,951008,Salary account,2019-10-08,Silver
3944,22,POPLATEK MESICNE,951008,Salary account,2019-10-08,Silver
1427,17,POPLATEK MESICNE,951008,Savings account,2019-10-08,Silver
1742,68,POPLATEK MESICNE,951008,NRI account,2019-10-08,Silver
1690,16,POPLATEK MESICNE,951007,Savings account,2019-10-07,Silver
1448,1,POPLATEK MESICNE,951007,NRI account,2019-10-07,Silver
3677,1,POPLATEK MESICNE,951004,Savings account,2019-10-04,Silver
2565,74,POPLATEK MESICNE,951004,Savings account,2019-10-04,Silver
4190,62,POPLATEK MESICNE,951004,NRI account,2019-10-04,Silver
3317,4,POPLATEK MESICNE,951004,Savings account,2019-10-04,Silver
2835,73,POPLATEK MESICNE,951003,Salary account,2019-10-03,Silver
331,65,POPLATEK MESICNE,951002,Savings account,2019-10-02,Silver
7487,4,POPLATEK MESICNE,951001,Savings account,2019-10-01,Silver
992,22,POPLATEK MESICNE,951001,Savings account,2019-10-01,Silver
4047,45,POPLATEK TYDNE,950929,Savings account,2019-09-29,Diamond
3417,48,POPLATEK MESICNE,950928,NRI account,2019-09-28,Silver
169,4,POPLATEK MESICNE,950928,NRI account,2019-09-28,Silver
80,43,POPLATEK MESICNE,950927,Salary account,2019-09-27,Silver
2731,1,POPLATEK MESICNE,950926,NRI account,2019-09-26,Silver
1704,70,POPLATEK MESICNE,950922,Savings account,2019-09-22,Silver
1660,1,POPLATEK MESICNE,950922,Savings account,2019-09-22,Silver
5429,71,POPLATEK MESICNE,950922,Savings account,2019-09-22,Silver
3440,22,POPLATEK MESICNE,950922,Salary account,2019-09-22,Silver
2148,1,POPLATEK MESICNE,950922,NRI account,2019-09-22,Silver
676,39,POPLATEK MESICNE,950922,NRI account,2019-09-22,Silver
2353,51,POPLATEK MESICNE,950921,Salary account,2019-09-21,Silver
1335,54,POPLATEK MESICNE,950921,Savings account,2019-09-21,Silver
2119,74,POPLATEK MESICNE,950921,Salary account,2019-09-21,Silver
8,57,POPLATEK MESICNE,950921,Savings account,2019-09-21,Silver
1376,64,POPLATEK MESICNE,950920,Savings account,2019-09-20,Silver
3770,23,POPLATEK MESICNE,950920,Savings account,2019-09-20,Silver
11271,5,POPLATEK MESICNE,950920,Salary account,2019-09-20,Silver
3758,38,POPLATEK MESICNE,950919,Salary account,2019-09-19,Silver
138,22,POPLATEK MESICNE,950919,NRI account,2019-09-19,Silver
9377,1,POPLATEK MESICNE,950917,Savings account,2019-09-17,Silver
3234,1,POPLATEK MESICNE,950916,Savings account,2019-09-16,Silver
1452,45,POPLATEK MESICNE,950916,Savings account,2019-09-16,Silver
994,72,POPLATEK MESICNE,950915,Savings account,2019-09-15,Silver
1674,1,POPLATEK MESICNE,950915,NRI account,2019-09-15,Silver
3368,24,POPLATEK MESICNE,950914,Salary account,2019-09-14,Silver
5125,1,POPLATEK MESICNE,950914,Salary account,2019-09-14,Silver
2358,7,POPLATEK MESICNE,950913,Savings account,2019-09-13,Silver
1613,1,POPLATEK MESICNE,950913,Savings account,2019-09-13,Silver
2866,43,POPLATEK MESICNE,950913,Salary account,2019-09-13,Silver
3010,46,POPLATEK MESICNE,950913,Salary account,2019-09-13,Silver
3628,70,POPLATEK MESICNE,950912,Savings account,2019-09-12,Silver
6463,16,POPLATEK MESICNE,950911,NRI account,2019-09-11,Silver
301,60,POPLATEK MESICNE,950910,Salary account,2019-09-10,Silver
372,55,POPLATEK MESICNE,950910,Savings account,2019-09-10,Silver
3492,33,POPLATEK MESICNE,950910,Savings account,2019-09-10,Silver
803,19,POPLATEK MESICNE,950909,Savings account,2019-09-09,Silver
2456,65,POPLATEK MESICNE,950909,Savings account,2019-09-09,Silver
619,1,POPLATEK TYDNE,950909,NRI account,2019-09-09,Diamond
1423,76,POPLATEK MESICNE,950908,Salary account,2019-09-08,Silver
2853,54,POPLATEK MESICNE,950908,NRI account,2019-09-08,Silver
7957,51,POPLATEK MESICNE,950907,NRI account,2019-09-07,Silver
1149,18,POPLATEK MESICNE,950907,NRI account,2019-09-07,Silver
219,28,POPLATEK MESICNE,950906,Salary account,2019-09-06,Silver
3552,62,POPLATEK MESICNE,950906,Salary account,2019-09-06,Silver
3866,60,POPLATEK MESICNE,950905,NRI account,2019-09-05,Silver
3914,33,POPLATEK MESICNE,950905,Salary account,2019-09-05,Silver
3807,53,POPLATEK MESICNE,950905,NRI account,2019-09-05,Silver
3925,1,POPLATEK MESICNE,950905,Salary account,2019-09-05,Silver
3855,33,POPLATEK MESICNE,950904,NRI account,2019-09-04,Silver
429,63,POPLATEK MESICNE,950903,NRI account,2019-09-03,Silver
3269,37,POPLATEK MESICNE,950903,Salary account,2019-09-03,Silver
1810,50,POPLATEK MESICNE,950903,Salary account,2019-09-03,Silver
665,8,POPLATEK MESICNE,950903,Salary account,2019-09-03,Silver
6872,15,POPLATEK MESICNE,950902,Salary account,2019-09-02,Silver
532,26,POPLATEK MESICNE,950902,Salary account,2019-09-02,Silver
674,49,POPLATEK MESICNE,950902,Savings account,2019-09-02,Silver
10365,22,POPLATEK MESICNE,950902,Salary account,2019-09-02,Silver
430,54,POPLATEK MESICNE,950902,Savings account,2019-09-02,Silver
1640,13,POPLATEK MESICNE,950901,NRI account,2019-09-01,Silver
2833,64,POPLATEK MESICNE,950830,Salary account,2019-08-30,Silver
3553,70,POPLATEK MESICNE,950830,Savings account,2019-08-30,Silver
9052,43,POPLATEK PO OBRATU,950830,Salary account,2019-08-30,Gold
3139,12,POPLATEK MESICNE,950830,Savings account,2019-08-30,Silver
1562,1,POPLATEK MESICNE,950830,Savings account,2019-08-30,Silver
1961,13,POPLATEK MESICNE,950830,NRI account,2019-08-30,Silver
353,24,POPLATEK MESICNE,950830,NRI account,2019-08-30,Silver
213,73,POPLATEK MESICNE,950829,NRI account,2019-08-29,Silver
32,5,POPLATEK MESICNE,950828,Savings account,2019-08-28,Silver
5066,13,POPLATEK TYDNE,950827,Savings account,2019-08-27,Diamond
2236,73,POPLATEK MESICNE,950827,Savings account,2019-08-27,Silver
3995,12,POPLATEK MESICNE,950827,NRI account,2019-08-27,Silver
894,46,POPLATEK MESICNE,950827,Savings account,2019-08-27,Silver
418,36,POPLATEK MESICNE,950827,NRI account,2019-08-27,Silver
3254,36,POPLATEK MESICNE,950827,Salary account,2019-08-27,Silver
3582,19,POPLATEK MESICNE,950826,NRI account,2019-08-26,Silver
420,75,POPLATEK MESICNE,950826,Salary account,2019-08-26,Silver
937,43,POPLATEK MESICNE,950826,Salary account,2019-08-26,Silver
4258,51,POPLATEK MESICNE,950826,NRI account,2019-08-26,Silver
3315,23,POPLATEK MESICNE,950824,Savings account,2019-08-24,Silver
3763,55,POPLATEK MESICNE,950823,NRI account,2019-08-23,Silver
995,64,POPLATEK MESICNE,950823,NRI account,2019-08-23,Silver
2858,56,POPLATEK MESICNE,950822,NRI account,2019-08-22,Silver
2855,27,POPLATEK MESICNE,950821,NRI account,2019-08-21,Silver
5024,70,POPLATEK MESICNE,950820,NRI account,2019-08-20,Silver
560,36,POPLATEK MESICNE,950820,Savings account,2019-08-20,Silver
11382,74,POPLATEK MESICNE,950820,NRI account,2019-08-20,Silver
6856,43,POPLATEK MESICNE,950819,Salary account,2019-08-19,Silver
11138,70,POPLATEK TYDNE,950818,Savings account,2019-08-18,Diamond
5213,1,POPLATEK MESICNE,950818,Salary account,2019-08-18,Silver
531,31,POPLATEK MESICNE,950818,Salary account,2019-08-18,Silver
2280,68,POPLATEK MESICNE,950817,Savings account,2019-08-17,Silver
3896,45,POPLATEK MESICNE,950817,NRI account,2019-08-17,Silver
3679,64,POPLATEK MESICNE,950815,NRI account,2019-08-15,Silver
2562,35,POPLATEK MESICNE,950815,Savings account,2019-08-15,Silver
3631,1,POPLATEK MESICNE,950813,NRI account,2019-08-13,Silver
2514,16,POPLATEK MESICNE,950813,NRI account,2019-08-13,Silver
75,1,POPLATEK MESICNE,950813,Salary account,2019-08-13,Silver
1122,13,POPLATEK MESICNE,950812,NRI account,2019-08-12,Silver
786,53,POPLATEK MESICNE,950812,Salary account,2019-08-12,Silver
3216,3,POPLATEK MESICNE,950811,Salary account,2019-08-11,Silver
2206,45,POPLATEK MESICNE,950810,NRI account,2019-08-10,Silver
1203,72,POPLATEK MESICNE,950809,Salary account,2019-08-09,Silver
2608,19,POPLATEK MESICNE,950809,Savings account,2019-08-09,Silver
3270,30,POPLATEK MESICNE,950808,NRI account,2019-08-08,Silver
1520,48,POPLATEK MESICNE,950808,Savings account,2019-08-08,Silver
4681,70,POPLATEK MESICNE,950808,NRI account,2019-08-08,Silver
3902,1,POPLATEK MESICNE,950808,Savings account,2019-08-08,Silver
8327,1,POPLATEK TYDNE,950808,Savings account,2019-08-08,Diamond
3203,23,POPLATEK MESICNE,950807,NRI account,2019-08-07,Silver
5118,72,POPLATEK MESICNE,950805,Salary account,2019-08-05,Silver
1971,41,POPLATEK MESICNE,950804,NRI account,2019-08-04,Silver
2830,20,POPLATEK MESICNE,950804,NRI account,2019-08-04,Silver
1927,42,POPLATEK MESICNE,950804,Savings account,2019-08-04,Silver
2265,65,POPLATEK MESICNE,950803,NRI account,2019-08-03,Silver
675,58,POPLATEK MESICNE,950803,Savings account,2019-08-03,Silver
5033,54,POPLATEK MESICNE,950803,Salary account,2019-08-03,Silver
1009,1,POPLATEK TYDNE,950801,Savings account,2019-08-01,Diamond
2577,7,POPLATEK MESICNE,950730,NRI account,2019-07-30,Silver
4948,43,POPLATEK MESICNE,950729,Savings account,2019-07-29,Silver
1803,24,POPLATEK MESICNE,950729,Salary account,2019-07-29,Silver
2957,25,POPLATEK MESICNE,950728,NRI account,2019-07-28,Silver
6985,38,POPLATEK MESICNE,950727,Savings account,2019-07-27,Silver
1252,13,POPLATEK TYDNE,950726,NRI account,2019-07-26,Diamond
3357,54,POPLATEK MESICNE,950726,NRI account,2019-07-26,Silver
2520,18,POPLATEK MESICNE,950725,Salary account,2019-07-25,Silver
2553,41,POPLATEK MESICNE,950724,NRI account,2019-07-24,Silver
10018,8,POPLATEK MESICNE,950723,Savings account,2019-07-23,Silver
953,14,POPLATEK MESICNE,950722,Savings account,2019-07-22,Silver
4081,11,POPLATEK MESICNE,950722,Salary account,2019-07-22,Silver
2144,55,POPLATEK PO OBRATU,950721,Salary account,2019-07-21,Gold
720,54,POPLATEK MESICNE,950720,Savings account,2019-07-20,Silver
1472,2,POPLATEK MESICNE,950720,Salary account,2019-07-20,Silver
2244,46,POPLATEK MESICNE,950719,Salary account,2019-07-19,Silver
2310,15,POPLATEK MESICNE,950719,Savings account,2019-07-19,Silver
1994,42,POPLATEK MESICNE,950719,Savings account,2019-07-19,Silver
3532,73,POPLATEK MESICNE,950718,Savings account,2019-07-18,Silver
1251,34,POPLATEK TYDNE,950718,NRI account,2019-07-18,Diamond
1936,70,POPLATEK MESICNE,950718,Savings account,2019-07-18,Silver
8547,14,POPLATEK TYDNE,950717,Savings account,2019-07-17,Diamond
1135,1,POPLATEK MESICNE,950717,NRI account,2019-07-17,Silver
4263,5,POPLATEK MESICNE,950717,Savings account,2019-07-17,Silver
1344,12,POPLATEK PO OBRATU,950716,Savings account,2019-07-16,Gold
1220,1,POPLATEK MESICNE,950715,Savings account,2019-07-15,Silver
1568,23,POPLATEK MESICNE,950715,Savings account,2019-07-15,Silver
3895,27,POPLATEK MESICNE,950714,Salary account,2019-07-14,Silver
5263,64,POPLATEK MESICNE,950714,NRI account,2019-07-14,Silver
5794,70,POPLATEK MESICNE,950714,Savings account,2019-07-14,Silver
1075,35,POPLATEK MESICNE,950713,Salary account,2019-07-13,Silver
2281,1,POPLATEK MESICNE,950713,Salary account,2019-07-13,Silver
2307,60,POPLATEK MESICNE,950712,NRI account,2019-07-12,Silver
3474,23,POPLATEK MESICNE,950712,Salary account,2019-07-12,Silver
625,70,POPLATEK MESICNE,950712,NRI account,2019-07-12,Silver
731,5,POPLATEK MESICNE,950711,NRI account,2019-07-11,Silver
1103,66,POPLATEK MESICNE,950709,NRI account,2019-07-09,Silver
3330,76,POPLATEK MESICNE,950708,Salary account,2019-07-08,Silver
6649,1,POPLATEK MESICNE,950708,Savings account,2019-07-08,Silver
3779,74,POPLATEK MESICNE,950708,Salary account,2019-07-08,Silver
3458,63,POPLATEK MESICNE,950707,NRI account,2019-07-07,Silver
2041,48,POPLATEK MESICNE,950705,Savings account,2019-07-05,Silver
5742,74,POPLATEK PO OBRATU,950705,Savings account,2019-07-05,Gold
4415,73,POPLATEK MESICNE,950705,NRI account,2019-07-05,Silver
4330,47,POPLATEK MESICNE,950705,Savings account,2019-07-05,Silver
1597,68,POPLATEK MESICNE,950704,Savings account,2019-07-04,Silver
1725,72,POPLATEK PO OBRATU,950703,NRI account,2019-07-03,Gold
3410,39,POPLATEK MESICNE,950703,Savings account,2019-07-03,Silver
2292,41,POPLATEK MESICNE,950629,NRI account,2019-06-29,Silver
638,65,POPLATEK MESICNE,950628,Salary account,2019-06-28,Silver
2533,49,POPLATEK MESICNE,950627,Savings account,2019-06-27,Silver
99,1,POPLATEK MESICNE,950627,Savings account,2019-06-27,Silver
9235,37,POPLATEK MESICNE,950624,NRI account,2019-06-24,Silver
3363,30,POPLATEK MESICNE,950624,Savings account,2019-06-24,Silver
3436,5,POPLATEK MESICNE,950624,Salary account,2019-06-24,Silver
1151,40,POPLATEK MESICNE,950623,NRI account,2019-06-23,Silver
1728,74,POPLATEK MESICNE,950623,Savings account,2019-06-23,Silver
3810,43,POPLATEK MESICNE,950622,Savings account,2019-06-22,Silver
2781,16,POPLATEK MESICNE,950620,NRI account,2019-06-20,Silver
1031,74,POPLATEK MESICNE,950620,NRI account,2019-06-20,Silver
7184,5,POPLATEK MESICNE,950619,Salary account,2019-06-19,Silver
2297,46,POPLATEK MESICNE,950618,Savings account,2019-06-18,Silver
1846,6,POPLATEK MESICNE,950617,Savings account,2019-06-17,Silver
2096,32,POPLATEK MESICNE,950617,Salary account,2019-06-17,Silver
458,7,POPLATEK MESICNE,950616,Savings account,2019-06-16,Silver
120,65,POPLATEK TYDNE,950616,Savings account,2019-06-16,Diamond
10019,8,POPLATEK MESICNE,950615,NRI account,2019-06-15,Silver
2328,35,POPLATEK MESICNE,950614,NRI account,2019-06-14,Silver
1519,9,POPLATEK MESICNE,950614,Savings account,2019-06-14,Silver
808,69,POPLATEK MESICNE,950613,Savings account,2019-06-13,Silver
3601,54,POPLATEK MESICNE,950613,Salary account,2019-06-13,Silver
131,52,POPLATEK MESICNE,950613,Savings account,2019-06-13,Silver
3124,6,POPLATEK MESICNE,950613,Savings account,2019-06-13,Silver
7618,72,POPLATEK TYDNE,950613,NRI account,2019-06-13,Diamond
807,76,POPLATEK TYDNE,950613,Savings account,2019-06-13,Diamond
3847,33,POPLATEK MESICNE,950613,NRI account,2019-06-13,Silver
223,39,POPLATEK MESICNE,950613,NRI account,2019-06-13,Silver
3252,12,POPLATEK MESICNE,950612,Savings account,2019-06-12,Silver
3725,33,POPLATEK MESICNE,950611,Savings account,2019-06-11,Silver
896,3,POPLATEK MESICNE,950611,Salary account,2019-06-11,Silver
1793,56,POPLATEK MESICNE,950610,Savings account,2019-06-10,Silver
1696,43,POPLATEK MESICNE,950609,NRI account,2019-06-09,Silver
2139,8,POPLATEK MESICNE,950609,NRI account,2019-06-09,Silver
5774,1,POPLATEK MESICNE,950608,Salary account,2019-06-08,Silver
3392,1,POPLATEK MESICNE,950608,Salary account,2019-06-08,Silver
1465,30,POPLATEK MESICNE,950608,NRI account,2019-06-08,Silver
1420,68,POPLATEK MESICNE,950608,Salary account,2019-06-08,Silver
1620,17,POPLATEK MESICNE,950608,Savings account,2019-06-08,Silver
4121,54,POPLATEK MESICNE,950608,Salary account,2019-06-08,Silver
754,1,POPLATEK MESICNE,950608,Savings account,2019-06-08,Silver
3045,1,POPLATEK MESICNE,950608,NRI account,2019-06-08,Silver
3453,13,POPLATEK MESICNE,950608,Salary account,2019-06-08,Silver
471,47,POPLATEK MESICNE,950607,NRI account,2019-06-07,Silver
53,77,POPLATEK MESICNE,950607,Salary account,2019-06-07,Silver
1413,65,POPLATEK MESICNE,950607,NRI account,2019-06-07,Silver
553,26,POPLATEK MESICNE,950606,NRI account,2019-06-06,Silver
1092,41,POPLATEK MESICNE,950606,NRI account,2019-06-06,Silver
2642,68,POPLATEK MESICNE,950605,NRI account,2019-06-05,Silver
3520,72,POPLATEK MESICNE,950604,NRI account,2019-06-04,Silver
2018,42,POPLATEK MESICNE,950604,Salary account,2019-06-04,Silver
2877,37,POPLATEK MESICNE,950604,NRI account,2019-06-04,Silver
11069,37,POPLATEK MESICNE,950602,Salary account,2019-06-02,Silver
3874,51,POPLATEK MESICNE,950602,Salary account,2019-06-02,Silver
1974,42,POPLATEK MESICNE,950601,Savings account,2019-06-01,Silver
2559,32,POPLATEK MESICNE,950601,NRI account,2019-06-01,Silver
1059,8,POPLATEK MESICNE,950530,Salary account,2019-05-30,Silver
3624,32,POPLATEK TYDNE,950530,NRI account,2019-05-30,Diamond
10001,24,POPLATEK MESICNE,950528,Savings account,2019-05-28,Silver
3186,10,POPLATEK MESICNE,950528,Salary account,2019-05-28,Silver
1530,70,POPLATEK MESICNE,950527,NRI account,2019-05-27,Silver
1642,64,POPLATEK MESICNE,950527,Salary account,2019-05-27,Silver
6358,3,POPLATEK MESICNE,950527,Salary account,2019-05-27,Silver
11349,1,POPLATEK TYDNE,950526,NRI account,2019-05-26,Diamond
2969,29,POPLATEK MESICNE,950526,Savings account,2019-05-26,Silver
8998,61,POPLATEK MESICNE,950524,Savings account,2019-05-24,Silver
490,45,POPLATEK MESICNE,950523,NRI account,2019-05-23,Silver
3386,2,POPLATEK MESICNE,950523,NRI account,2019-05-23,Silver
4589,4,POPLATEK MESICNE,950522,Savings account,2019-05-22,Silver
57,1,POPLATEK MESICNE,950521,Savings account,2019-05-21,Silver
10963,16,POPLATEK MESICNE,950520,Savings account,2019-05-20,Silver
2521,63,POPLATEK MESICNE,950519,Salary account,2019-05-19,Silver
3251,59,POPLATEK MESICNE,950518,Salary account,2019-05-18,Silver
5358,4,POPLATEK MESICNE,950518,Salary account,2019-05-18,Silver
875,63,POPLATEK MESICNE,950517,Salary account,2019-05-17,Silver
733,49,POPLATEK TYDNE,950517,Salary account,2019-05-17,Diamond
1720,35,POPLATEK MESICNE,950516,Salary account,2019-05-16,Silver
4014,56,POPLATEK PO OBRATU,950515,Salary account,2019-05-15,Gold
2178,64,POPLATEK MESICNE,950515,NRI account,2019-05-15,Silver
2935,68,POPLATEK MESICNE,950515,Savings account,2019-05-15,Silver
544,32,POPLATEK MESICNE,950515,Salary account,2019-05-15,Silver
256,37,POPLATEK MESICNE,950514,Savings account,2019-05-14,Silver
3845,48,POPLATEK MESICNE,950514,Salary account,2019-05-14,Silver
2919,77,POPLATEK MESICNE,950510,Savings account,2019-05-10,Silver
1741,21,POPLATEK MESICNE,950510,Salary account,2019-05-10,Silver
746,75,POPLATEK MESICNE,950510,NRI account,2019-05-10,Silver
1183,12,POPLATEK MESICNE,950508,Savings account,2019-05-08,Silver
2323,72,POPLATEK MESICNE,950508,Salary account,2019-05-08,Silver
463,51,POPLATEK MESICNE,950508,Salary account,2019-05-08,Silver
285,17,POPLATEK MESICNE,950508,NRI account,2019-05-08,Silver
4105,58,POPLATEK MESICNE,950508,Salary account,2019-05-08,Silver
2525,45,POPLATEK MESICNE,950508,Savings account,2019-05-08,Silver
6434,1,POPLATEK MESICNE,950508,Salary account,2019-05-08,Silver
533,40,POPLATEK MESICNE,950507,Savings account,2019-05-07,Silver
3940,35,POPLATEK TYDNE,950507,Salary account,2019-05-07,Diamond
4538,70,POPLATEK MESICNE,950507,Savings account,2019-05-07,Silver
454,7,POPLATEK MESICNE,950507,NRI account,2019-05-07,Silver
5194,1,POPLATEK PO OBRATU,950505,NRI account,2019-05-05,Gold
3464,25,POPLATEK MESICNE,950505,Salary account,2019-05-05,Silver
2931,36,POPLATEK MESICNE,950504,NRI account,2019-05-04,Silver
10351,23,POPLATEK MESICNE,950504,NRI account,2019-05-04,Silver
3936,39,POPLATEK MESICNE,950504,Salary account,2019-05-04,Silver
2364,33,POPLATEK MESICNE,950503,NRI account,2019-05-03,Silver
1280,70,POPLATEK MESICNE,950503,Savings account,2019-05-03,Silver
54,4,POPLATEK MESICNE,950502,NRI account,2019-05-02,Silver
1010,61,POPLATEK MESICNE,950501,Savings account,2019-05-01,Silver
1248,22,POPLATEK MESICNE,950429,Salary account,2019-04-29,Silver
2331,8,POPLATEK MESICNE,950429,Savings account,2019-04-29,Silver
2751,31,POPLATEK MESICNE,950428,Savings account,2019-04-28,Silver
404,41,POPLATEK MESICNE,950428,Savings account,2019-04-28,Silver
2547,74,POPLATEK MESICNE,950428,Savings account,2019-04-28,Silver
922,61,POPLATEK MESICNE,950427,Savings account,2019-04-27,Silver
3735,1,POPLATEK MESICNE,950427,NRI account,2019-04-27,Silver
3449,1,POPLATEK MESICNE,950427,Salary account,2019-04-27,Silver
4423,39,POPLATEK MESICNE,950426,NRI account,2019-04-26,Silver
267,38,POPLATEK MESICNE,950426,NRI account,2019-04-26,Silver
3930,37,POPLATEK MESICNE,950425,Salary account,2019-04-25,Silver
455,54,POPLATEK MESICNE,950423,Salary account,2019-04-23,Silver
7861,34,POPLATEK MESICNE,950422,NRI account,2019-04-22,Silver
819,20,POPLATEK MESICNE,950422,Savings account,2019-04-22,Silver
2726,18,POPLATEK MESICNE,950420,Savings account,2019-04-20,Silver
1038,64,POPLATEK MESICNE,950420,NRI account,2019-04-20,Silver
5724,14,POPLATEK PO OBRATU,950419,Savings account,2019-04-19,Gold
3823,74,POPLATEK MESICNE,950419,Salary account,2019-04-19,Silver
3321,17,POPLATEK MESICNE,950418,Savings account,2019-04-18,Silver
3231,73,POPLATEK MESICNE,950418,Salary account,2019-04-18,Silver
1315,13,POPLATEK MESICNE,950417,Salary account,2019-04-17,Silver
1862,19,POPLATEK TYDNE,950415,Salary account,2019-04-15,Diamond
1309,1,POPLATEK MESICNE,950415,Savings account,2019-04-15,Silver
1046,1,POPLATEK MESICNE,950414,NRI account,2019-04-14,Silver
3729,31,POPLATEK MESICNE,950414,Salary account,2019-04-14,Silver
3702,53,POPLATEK MESICNE,950413,NRI account,2019-04-13,Silver
4852,47,POPLATEK MESICNE,950413,Savings account,2019-04-13,Silver
2750,13,POPLATEK MESICNE,950413,NRI account,2019-04-13,Silver
893,53,POPLATEK MESICNE,950412,Savings account,2019-04-12,Silver
7815,19,POPLATEK TYDNE,950409,Salary account,2019-04-09,Diamond
7136,12,POPLATEK TYDNE,950409,Salary account,2019-04-09,Diamond
1228,62,POPLATEK MESICNE,950409,Salary account,2019-04-09,Silver
206,61,POPLATEK MESICNE,950408,Salary account,2019-04-08,Silver
3109,18,POPLATEK MESICNE,950408,NRI account,2019-04-08,Silver
1590,77,POPLATEK MESICNE,950407,NRI account,2019-04-07,Silver
7418,21,POPLATEK MESICNE,950407,Salary account,2019-04-07,Silver
19,21,POPLATEK MESICNE,950407,Salary account,2019-04-07,Silver
842,62,POPLATEK MESICNE,950407,Savings account,2019-04-07,Silver
1821,70,POPLATEK MESICNE,950407,Savings account,2019-04-07,Silver
3147,54,POPLATEK MESICNE,950405,Salary account,2019-04-05,Silver
6289,64,POPLATEK MESICNE,950405,NRI account,2019-04-05,Silver
2203,47,POPLATEK MESICNE,950404,Salary account,2019-04-04,Silver
6910,76,POPLATEK MESICNE,950404,Savings account,2019-04-04,Silver
1986,46,POPLATEK MESICNE,950404,Salary account,2019-04-04,Silver
2839,70,POPLATEK MESICNE,950404,NRI account,2019-04-04,Silver
1479,54,POPLATEK MESICNE,950404,Savings account,2019-04-04,Silver
5126,58,POPLATEK MESICNE,950403,Savings account,2019-04-03,Silver
231,22,POPLATEK MESICNE,950403,NRI account,2019-04-03,Silver
248,1,POPLATEK MESICNE,950402,NRI account,2019-04-02,Silver
9493,64,POPLATEK MESICNE,950402,NRI account,2019-04-02,Silver
1561,66,POPLATEK MESICNE,950401,NRI account,2019-04-01,Silver
2540,54,POPLATEK MESICNE,950401,Savings account,2019-04-01,Silver
1249,67,POPLATEK MESICNE,950330,Savings account,2019-03-30,Silver
95,1,POPLATEK MESICNE,950330,Salary account,2019-03-30,Silver
1540,1,POPLATEK MESICNE,950329,Salary account,2019-03-29,Silver
1692,56,POPLATEK MESICNE,950329,Savings account,2019-03-29,Silver
227,27,POPLATEK MESICNE,950328,Savings account,2019-03-28,Silver
568,18,POPLATEK MESICNE,950328,Savings account,2019-03-28,Silver
1254,74,POPLATEK MESICNE,950328,NRI account,2019-03-28,Silver
608,32,POPLATEK MESICNE,950327,NRI account,2019-03-27,Silver
1757,75,POPLATEK MESICNE,950327,Salary account,2019-03-27,Silver
6609,16,POPLATEK MESICNE,950327,NRI account,2019-03-27,Silver
870,70,POPLATEK MESICNE,950327,Savings account,2019-03-27,Silver
767,25,POPLATEK MESICNE,950326,NRI account,2019-03-26,Silver
981,66,POPLATEK MESICNE,950325,NRI account,2019-03-25,Silver
5541,43,POPLATEK MESICNE,950324,NRI account,2019-03-24,Silver
1,18,POPLATEK MESICNE,950324,NRI account,2019-03-24,Silver
1306,1,POPLATEK MESICNE,950322,Savings account,2019-03-22,Silver
1174,70,POPLATEK MESICNE,950321,NRI account,2019-03-21,Silver
1261,52,POPLATEK MESICNE,950318,NRI account,2019-03-18,Silver
2856,25,POPLATEK MESICNE,950318,Salary account,2019-03-18,Silver
288,25,POPLATEK MESICNE,950318,Savings account,2019-03-18,Silver
3750,77,POPLATEK MESICNE,950318,Salary account,2019-03-18,Silver
150,73,POPLATEK MESICNE,950316,NRI account,2019-03-16,Silver
3402,76,POPLATEK TYDNE,950316,Salary account,2019-03-16,Diamond
2810,66,POPLATEK MESICNE,950316,Savings account,2019-03-16,Silver
586,54,POPLATEK MESICNE,950316,Savings account,2019-03-16,Silver
7606,21,POPLATEK MESICNE,950315,NRI account,2019-03-15,Silver
158,37,POPLATEK MESICNE,950315,Savings account,2019-03-15,Silver
6397,48,POPLATEK MESICNE,950315,Savings account,2019-03-15,Silver
7859,52,POPLATEK MESICNE,950314,Savings account,2019-03-14,Silver
2723,75,POPLATEK MESICNE,950312,Savings account,2019-03-12,Silver
3230,1,POPLATEK MESICNE,950311,Savings account,2019-03-11,Silver
3989,19,POPLATEK MESICNE,950311,Salary account,2019-03-11,Silver
108,53,POPLATEK MESICNE,950310,Savings account,2019-03-10,Silver
1802,75,POPLATEK MESICNE,950310,Salary account,2019-03-10,Silver
1108,26,POPLATEK MESICNE,950309,Savings account,2019-03-09,Silver
3826,34,POPLATEK MESICNE,950305,Salary account,2019-03-05,Silver
376,25,POPLATEK MESICNE,950305,NRI account,2019-03-05,Silver
1287,35,POPLATEK MESICNE,950304,NRI account,2019-03-04,Silver
9897,1,POPLATEK MESICNE,950304,Savings account,2019-03-04,Silver
30,36,POPLATEK MESICNE,950304,Salary account,2019-03-04,Silver
2367,28,POPLATEK MESICNE,950304,Salary account,2019-03-04,Silver
2865,1,POPLATEK MESICNE,950303,NRI account,2019-03-03,Silver
3014,75,POPLATEK TYDNE,950303,Salary account,2019-03-03,Diamond
2680,46,POPLATEK MESICNE,950303,NRI account,2019-03-03,Silver
1129,35,POPLATEK MESICNE,950303,Savings account,2019-03-03,Silver
3233,31,POPLATEK MESICNE,950303,Savings account,2019-03-03,Silver
190,74,POPLATEK MESICNE,950302,Salary account,2019-03-02,Silver
3737,34,POPLATEK MESICNE,950301,Savings account,2019-03-01,Silver
1702,56,POPLATEK MESICNE,950227,Salary account,2019-02-27,Silver
1778,15,POPLATEK MESICNE,950225,NRI account,2019-02-25,Silver
2911,33,POPLATEK MESICNE,950225,NRI account,2019-02-25,Silver
3710,1,POPLATEK MESICNE,950225,Salary account,2019-02-25,Silver
3753,28,POPLATEK MESICNE,950224,Savings account,2019-02-24,Silver
763,1,POPLATEK MESICNE,950223,Salary account,2019-02-23,Silver
4161,1,POPLATEK MESICNE,950223,NRI account,2019-02-23,Silver
2431,74,POPLATEK MESICNE,950223,Salary account,2019-02-23,Silver
1633,51,POPLATEK MESICNE,950222,NRI account,2019-02-22,Silver
2490,22,POPLATEK MESICNE,950221,NRI account,2019-02-21,Silver
2047,20,POPLATEK MESICNE,950221,NRI account,2019-02-21,Silver
3839,1,POPLATEK MESICNE,950221,NRI account,2019-02-21,Silver
10884,65,POPLATEK MESICNE,950220,Savings account,2019-02-20,Silver
2688,72,POPLATEK MESICNE,950220,Savings account,2019-02-20,Silver
1772,31,POPLATEK TYDNE,950220,Savings account,2019-02-20,Diamond
781,33,POPLATEK MESICNE,950219,NRI account,2019-02-19,Silver
1858,72,POPLATEK MESICNE,950218,NRI account,2019-02-18,Silver
3978,59,POPLATEK MESICNE,950218,Savings account,2019-02-18,Silver
70,8,POPLATEK MESICNE,950218,Salary account,2019-02-18,Silver
3297,53,POPLATEK MESICNE,950217,NRI account,2019-02-17,Silver
607,16,POPLATEK MESICNE,950217,Savings account,2019-02-17,Silver
3466,64,POPLATEK MESICNE,950216,Salary account,2019-02-16,Silver
1967,26,POPLATEK TYDNE,950213,NRI account,2019-02-13,Diamond
4727,2,POPLATEK MESICNE,950213,Savings account,2019-02-13,Silver
3623,59,POPLATEK MESICNE,950212,NRI account,2019-02-12,Silver
2268,1,POPLATEK MESICNE,950211,Savings account,2019-02-11,Silver
388,59,POPLATEK MESICNE,950211,NRI account,2019-02-11,Silver
3817,70,POPLATEK MESICNE,950210,NRI account,2019-02-10,Silver
3865,50,POPLATEK MESICNE,950209,Savings account,2019-02-09,Silver
4109,54,POPLATEK MESICNE,950209,Salary account,2019-02-09,Silver
515,57,POPLATEK MESICNE,950209,NRI account,2019-02-09,Silver
7614,62,POPLATEK MESICNE,950208,NRI account,2019-02-08,Silver
8159,26,POPLATEK MESICNE,950208,Salary account,2019-02-08,Silver
2151,38,POPLATEK MESICNE,950208,Savings account,2019-02-08,Silver
1889,59,POPLATEK MESICNE,950206,NRI account,2019-02-06,Silver
789,39,POPLATEK MESICNE,950206,Salary account,2019-02-06,Silver
2718,29,POPLATEK MESICNE,950205,Salary account,2019-02-05,Silver
1496,57,POPLATEK MESICNE,950205,Savings account,2019-02-05,Silver
2968,15,POPLATEK MESICNE,950205,Salary account,2019-02-05,Silver
4001,54,POPLATEK MESICNE,950204,NRI account,2019-02-04,Silver
393,46,POPLATEK MESICNE,950204,NRI account,2019-02-04,Silver
1112,48,POPLATEK MESICNE,950203,Savings account,2019-02-03,Silver
3583,40,POPLATEK MESICNE,950203,Savings account,2019-02-03,Silver
3421,31,POPLATEK MESICNE,950201,NRI account,2019-02-01,Silver
11042,72,POPLATEK MESICNE,950129,Salary account,2019-01-29,Silver
650,3,POPLATEK MESICNE,950128,Savings account,2019-01-28,Silver
795,25,POPLATEK MESICNE,950127,Salary account,2019-01-27,Silver
1548,47,POPLATEK MESICNE,950127,Savings account,2019-01-27,Silver
2755,20,POPLATEK MESICNE,950126,NRI account,2019-01-26,Silver
3235,8,POPLATEK MESICNE,950126,Savings account,2019-01-26,Silver
2111,42,POPLATEK TYDNE,950125,Savings account,2019-01-25,Diamond
1769,39,POPLATEK MESICNE,950125,NRI account,2019-01-25,Silver
2663,64,POPLATEK MESICNE,950125,NRI account,2019-01-25,Silver
4103,38,POPLATEK MESICNE,950125,Salary account,2019-01-25,Silver
5735,52,POPLATEK MESICNE,950125,NRI account,2019-01-25,Silver
3362,73,POPLATEK MESICNE,950125,Savings account,2019-01-25,Silver
1914,27,POPLATEK MESICNE,950124,Salary account,2019-01-24,Silver
2054,1,POPLATEK MESICNE,950124,Savings account,2019-01-24,Silver
270,27,POPLATEK MESICNE,950123,Savings account,2019-01-23,Silver
1526,52,POPLATEK MESICNE,950122,Salary account,2019-01-22,Silver
3841,8,POPLATEK MESICNE,950122,Salary account,2019-01-22,Silver
9030,72,POPLATEK MESICNE,950121,NRI account,2019-01-21,Silver
2352,70,POPLATEK MESICNE,950121,NRI account,2019-01-21,Silver
484,1,POPLATEK MESICNE,950120,Salary account,2019-01-20,Silver
217,77,POPLATEK MESICNE,950120,Salary account,2019-01-20,Silver
3777,70,POPLATEK MESICNE,950119,NRI account,2019-01-19,Silver
2414,1,POPLATEK MESICNE,950119,Savings account,2019-01-19,Silver
9814,64,POPLATEK TYDNE,950119,Salary account,2019-01-19,Diamond
2681,28,POPLATEK MESICNE,950119,Salary account,2019-01-19,Silver
2185,67,POPLATEK MESICNE,950118,Salary account,2019-01-18,Silver
1446,57,POPLATEK MESICNE,950118,Salary account,2019-01-18,Silver
915,72,POPLATEK MESICNE,950118,Savings account,2019-01-18,Silver
839,16,POPLATEK MESICNE,950117,Savings account,2019-01-17,Silver
1625,1,POPLATEK MESICNE,950117,NRI account,2019-01-17,Silver
2563,48,POPLATEK MESICNE,950117,NRI account,2019-01-17,Silver
1414,58,POPLATEK MESICNE,950117,Savings account,2019-01-17,Silver
7562,72,POPLATEK TYDNE,950117,Salary account,2019-01-17,Diamond
3812,72,POPLATEK MESICNE,950116,NRI account,2019-01-16,Silver
4368,1,POPLATEK MESICNE,950116,Savings account,2019-01-16,Silver
2729,40,POPLATEK MESICNE,950116,Savings account,2019-01-16,Silver
2446,3,POPLATEK MESICNE,950116,Savings account,2019-01-16,Silver
10630,41,POPLATEK MESICNE,950115,Savings account,2019-01-15,Silver
3981,23,POPLATEK MESICNE,950115,NRI account,2019-01-15,Silver
3244,56,POPLATEK MESICNE,950114,Salary account,2019-01-14,Silver
1437,50,POPLATEK MESICNE,950113,Salary account,2019-01-13,Silver
756,65,POPLATEK MESICNE,950113,Salary account,2019-01-13,Silver
8092,54,POPLATEK MESICNE,950111,Salary account,2019-01-11,Silver
2421,18,POPLATEK MESICNE,950111,NRI account,2019-01-11,Silver
2923,43,POPLATEK MESICNE,950110,Salary account,2019-01-10,Silver
3641,7,POPLATEK MESICNE,950109,Savings account,2019-01-09,Silver
5650,10,POPLATEK PO OBRATU,950108,NRI account,2019-01-08,Gold
1955,49,POPLATEK MESICNE,950107,Savings account,2019-01-07,Silver
3128,1,POPLATEK MESICNE,950106,Savings account,2019-01-06,Silver
2978,74,POPLATEK MESICNE,950106,Savings account,2019-01-06,Silver
3141,1,POPLATEK TYDNE,950106,Salary account,2019-01-06,Diamond
3250,1,POPLATEK MESICNE,950106,NRI account,2019-01-06,Silver
2163,17,POPLATEK MESICNE,950105,NRI account,2019-01-05,Silver
2239,25,POPLATEK MESICNE,950105,Salary account,2019-01-05,Silver
1706,1,POPLATEK MESICNE,950105,Savings account,2019-01-05,Silver
7795,64,POPLATEK MESICNE,950105,Savings account,2019-01-05,Silver
2077,29,POPLATEK MESICNE,950104,Savings account,2019-01-04,Silver
685,37,POPLATEK TYDNE,950104,NRI account,2019-01-04,Diamond
1331,59,POPLATEK MESICNE,950103,NRI account,2019-01-03,Silver
2355,1,POPLATEK MESICNE,950103,Salary account,2019-01-03,Silver
3482,70,POPLATEK MESICNE,950103,Savings account,2019-01-03,Silver
4503,50,POPLATEK MESICNE,950103,NRI account,2019-01-03,Silver
2322,33,POPLATEK MESICNE,950102,Savings account,2019-01-02,Silver
3006,64,POPLATEK MESICNE,950101,NRI account,2019-01-01,Silver
1394,32,POPLATEK MESICNE,941227,Salary account,2018-12-27,Silver
3621,32,POPLATEK MESICNE,941225,NRI account,2018-12-25,Silver
1835,74,POPLATEK MESICNE,941224,Salary account,2018-12-24,Silver
10728,71,POPLATEK MESICNE,941223,NRI account,2018-12-23,Silver
2384,40,POPLATEK MESICNE,941223,Savings account,2018-12-23,Silver
3643,1,POPLATEK MESICNE,941222,Salary account,2018-12-22,Silver
802,15,POPLATEK MESICNE,941220,Salary account,2018-12-20,Silver
3567,5,POPLATEK MESICNE,941220,Savings account,2018-12-20,Silver
68,37,POPLATEK PO OBRATU,941220,Salary account,2018-12-20,Gold
1417,75,POPLATEK MESICNE,941220,Salary account,2018-12-20,Silver
2524,1,POPLATEK MESICNE,941219,Savings account,2018-12-19,Silver
3903,58,POPLATEK MESICNE,941219,NRI account,2018-12-19,Silver
8856,15,POPLATEK MESICNE,941218,Savings account,2018-12-18,Silver
2808,1,POPLATEK MESICNE,941218,Salary account,2018-12-18,Silver
5357,70,POPLATEK MESICNE,941218,NRI account,2018-12-18,Silver
775,1,POPLATEK MESICNE,941218,Savings account,2018-12-18,Silver
3279,46,POPLATEK TYDNE,941217,NRI account,2018-12-17,Diamond
1011,45,POPLATEK MESICNE,941217,Savings account,2018-12-17,Silver
359,11,POPLATEK MESICNE,941211,Salary account,2018-12-11,Silver
2343,68,POPLATEK MESICNE,941209,NRI account,2018-12-09,Silver
594,54,POPLATEK MESICNE,941209,Salary account,2018-12-09,Silver
4434,41,POPLATEK MESICNE,941209,Savings account,2018-12-09,Silver
3489,9,POPLATEK MESICNE,941208,NRI account,2018-12-08,Silver
3348,4,POPLATEK MESICNE,941208,Savings account,2018-12-08,Silver
2809,73,POPLATEK MESICNE,941208,NRI account,2018-12-08,Silver
3364,21,POPLATEK TYDNE,941208,Savings account,2018-12-08,Diamond
2546,1,POPLATEK MESICNE,941208,NRI account,2018-12-08,Silver
1436,3,POPLATEK MESICNE,941207,Salary account,2018-12-07,Silver
1307,56,POPLATEK MESICNE,941205,NRI account,2018-12-05,Silver
2121,64,POPLATEK MESICNE,941205,NRI account,2018-12-05,Silver
1919,18,POPLATEK MESICNE,941204,Salary account,2018-12-04,Silver
8411,20,POPLATEK MESICNE,941202,Savings account,2018-12-02,Silver
3369,8,POPLATEK MESICNE,941201,Savings account,2018-12-01,Silver
9731,54,POPLATEK PO OBRATU,941201,Savings account,2018-12-01,Gold
1578,48,POPLATEK MESICNE,941201,Savings account,2018-12-01,Silver
2027,19,POPLATEK MESICNE,941128,Savings account,2018-11-28,Silver
1294,71,POPLATEK MESICNE,941127,Salary account,2018-11-27,Silver
106,63,POPLATEK MESICNE,941127,Salary account,2018-11-27,Silver
2707,61,POPLATEK MESICNE,941127,Savings account,2018-11-27,Silver
2028,7,POPLATEK TYDNE,941126,Salary account,2018-11-26,Diamond
3752,1,POPLATEK MESICNE,941125,Salary account,2018-11-25,Silver
11186,12,POPLATEK MESICNE,941124,Savings account,2018-11-24,Silver
29,7,POPLATEK MESICNE,941124,Savings account,2018-11-24,Silver
2044,6,POPLATEK MESICNE,941123,Salary account,2018-11-23,Silver
449,19,POPLATEK MESICNE,941122,Savings account,2018-11-22,Silver
2218,19,POPLATEK MESICNE,941121,Savings account,2018-11-21,Silver
1708,22,POPLATEK MESICNE,941121,Salary account,2018-11-21,Silver
1583,69,POPLATEK PO OBRATU,941117,NRI account,2018-11-17,Gold
1554,47,POPLATEK MESICNE,941115,NRI account,2018-11-15,Silver
5632,5,POPLATEK TYDNE,941115,NRI account,2018-11-15,Diamond
940,37,POPLATEK MESICNE,941115,Salary account,2018-11-15,Silver
2572,64,POPLATEK PO OBRATU,941113,Savings account,2018-11-13,Gold
2377,77,POPLATEK MESICNE,941113,Salary account,2018-11-13,Silver
4476,24,POPLATEK MESICNE,941110,Salary account,2018-11-10,Silver
4082,49,POPLATEK MESICNE,941108,Savings account,2018-11-08,Silver
2541,57,POPLATEK MESICNE,941108,Salary account,2018-11-08,Silver
3576,58,POPLATEK MESICNE,941107,Savings account,2018-11-07,Silver
3663,67,POPLATEK MESICNE,941106,NRI account,2018-11-06,Silver
973,54,POPLATEK MESICNE,941105,Salary account,2018-11-05,Silver
2365,42,POPLATEK MESICNE,941104,Savings account,2018-11-04,Silver
1168,29,POPLATEK MESICNE,941103,Salary account,2018-11-03,Silver
960,4,POPLATEK PO OBRATU,941102,Salary account,2018-11-02,Gold
201,63,POPLATEK MESICNE,941102,Savings account,2018-11-02,Silver
1993,68,POPLATEK MESICNE,941030,Savings account,2018-10-30,Silver
1076,1,POPLATEK MESICNE,941030,Salary account,2018-10-30,Silver
3419,1,POPLATEK MESICNE,941029,NRI account,2018-10-29,Silver
2536,41,POPLATEK MESICNE,941028,NRI account,2018-10-28,Silver
1295,15,POPLATEK MESICNE,941028,Salary account,2018-10-28,Silver
1109,66,POPLATEK MESICNE,941027,Salary account,2018-10-27,Silver
1441,50,POPLATEK MESICNE,941025,Salary account,2018-10-25,Silver
1958,40,POPLATEK MESICNE,941024,Salary account,2018-10-24,Silver
3058,44,POPLATEK MESICNE,941023,Salary account,2018-10-23,Silver
5422,66,POPLATEK MESICNE,941022,NRI account,2018-10-22,Silver
988,10,POPLATEK MESICNE,941022,Savings account,2018-10-22,Silver
2949,1,POPLATEK MESICNE,941021,Salary account,2018-10-21,Silver
3849,75,POPLATEK MESICNE,941021,NRI account,2018-10-21,Silver
67,16,POPLATEK MESICNE,941019,NRI account,2018-10-19,Silver
2790,1,POPLATEK MESICNE,941018,Savings account,2018-10-18,Silver
3756,39,POPLATEK TYDNE,941017,NRI account,2018-10-17,Diamond
654,63,POPLATEK MESICNE,941016,NRI account,2018-10-16,Silver
4283,39,POPLATEK MESICNE,941016,Savings account,2018-10-16,Silver
2924,56,POPLATEK MESICNE,941016,Salary account,2018-10-16,Silver
3622,53,POPLATEK MESICNE,941015,NRI account,2018-10-15,Silver
1312,23,POPLATEK MESICNE,941015,Savings account,2018-10-15,Silver
2742,23,POPLATEK MESICNE,941015,Savings account,2018-10-15,Silver
8127,37,POPLATEK MESICNE,941013,Savings account,2018-10-13,Silver
596,31,POPLATEK MESICNE,941013,NRI account,2018-10-13,Silver
2788,54,POPLATEK MESICNE,941012,NRI account,2018-10-12,Silver
2463,56,POPLATEK MESICNE,941011,Savings account,2018-10-11,Silver
3860,4,POPLATEK MESICNE,941011,NRI account,2018-10-11,Silver
2840,15,POPLATEK MESICNE,941009,NRI account,2018-10-09,Silver
2430,3,POPLATEK MESICNE,941009,Salary account,2018-10-09,Silver
1559,14,POPLATEK MESICNE,941008,Salary account,2018-10-08,Silver
2195,73,POPLATEK MESICNE,941008,Salary account,2018-10-08,Silver
1205,73,POPLATEK MESICNE,941008,Savings account,2018-10-08,Silver
2059,37,POPLATEK MESICNE,941008,Savings account,2018-10-08,Silver
2333,45,POPLATEK MESICNE,941008,NRI account,2018-10-08,Silver
3074,74,POPLATEK TYDNE,941008,NRI account,2018-10-08,Diamond
3878,23,POPLATEK MESICNE,941007,Salary account,2018-10-07,Silver
2363,47,POPLATEK MESICNE,941007,Savings account,2018-10-07,Silver
1421,71,POPLATEK MESICNE,941005,Savings account,2018-10-05,Silver
1934,46,POPLATEK MESICNE,941005,NRI account,2018-10-05,Silver
3827,1,POPLATEK MESICNE,941004,NRI account,2018-10-04,Silver
939,55,POPLATEK MESICNE,941004,Salary account,2018-10-04,Silver
2905,74,POPLATEK MESICNE,941003,Savings account,2018-10-03,Silver
2627,76,POPLATEK MESICNE,941002,Savings account,2018-10-02,Silver
2025,19,POPLATEK MESICNE,941002,Savings account,2018-10-02,Silver
3975,20,POPLATEK MESICNE,941002,NRI account,2018-10-02,Silver
11359,61,POPLATEK MESICNE,941001,NRI account,2018-10-01,Silver
3457,54,POPLATEK MESICNE,941001,Salary account,2018-10-01,Silver
1333,21,POPLATEK MESICNE,940929,Savings account,2018-09-29,Silver
1828,1,POPLATEK MESICNE,940928,Savings account,2018-09-28,Silver
6,51,POPLATEK MESICNE,940927,Salary account,2018-09-27,Silver
3555,32,POPLATEK MESICNE,940926,Salary account,2018-09-26,Silver
716,47,POPLATEK MESICNE,940925,Savings account,2018-09-25,Silver
1352,1,POPLATEK MESICNE,940923,Savings account,2018-09-23,Silver
851,15,POPLATEK MESICNE,940923,Salary account,2018-09-23,Silver
1989,48,POPLATEK MESICNE,940921,Salary account,2018-09-21,Silver
577,29,POPLATEK MESICNE,940920,NRI account,2018-09-20,Silver
2960,19,POPLATEK MESICNE,940920,Savings account,2018-09-20,Silver
2267,54,POPLATEK TYDNE,940920,NRI account,2018-09-20,Diamond
3336,51,POPLATEK MESICNE,940919,Salary account,2018-09-19,Silver
1653,1,POPLATEK MESICNE,940919,NRI account,2018-09-19,Silver
318,36,POPLATEK MESICNE,940916,Salary account,2018-09-16,Silver
1301,18,POPLATEK MESICNE,940915,NRI account,2018-09-15,Silver
3288,54,POPLATEK MESICNE,940915,NRI account,2018-09-15,Silver
3142,2,POPLATEK MESICNE,940914,NRI account,2018-09-14,Silver
1878,52,POPLATEK TYDNE,940913,NRI account,2018-09-13,Diamond
3712,3,POPLATEK MESICNE,940913,Salary account,2018-09-13,Silver
2030,51,POPLATEK MESICNE,940913,NRI account,2018-09-13,Silver
3869,72,POPLATEK MESICNE,940913,Salary account,2018-09-13,Silver
1908,20,POPLATEK MESICNE,940913,Savings account,2018-09-13,Silver
3926,72,POPLATEK MESICNE,940911,NRI account,2018-09-11,Silver
6321,1,POPLATEK MESICNE,940910,NRI account,2018-09-10,Silver
518,74,POPLATEK MESICNE,940909,Salary account,2018-09-09,Silver
3049,61,POPLATEK MESICNE,940908,Salary account,2018-09-08,Silver
3730,17,POPLATEK MESICNE,940908,Savings account,2018-09-08,Silver
1714,72,POPLATEK MESICNE,940908,Savings account,2018-09-08,Silver
1975,19,POPLATEK MESICNE,940907,NRI account,2018-09-07,Silver
8899,1,POPLATEK TYDNE,940905,NRI account,2018-09-05,Diamond
3478,30,POPLATEK MESICNE,940904,Savings account,2018-09-04,Silver
7546,43,POPLATEK MESICNE,940903,Savings account,2018-09-03,Silver
1766,28,POPLATEK MESICNE,940903,NRI account,2018-09-03,Silver
1292,3,POPLATEK MESICNE,940903,NRI account,2018-09-03,Silver
3797,64,POPLATEK MESICNE,940903,Savings account,2018-09-03,Silver
2596,1,POPLATEK MESICNE,940902,NRI account,2018-09-02,Silver
9006,40,POPLATEK TYDNE,940902,Salary account,2018-09-02,Diamond
3579,53,POPLATEK MESICNE,940902,NRI account,2018-09-02,Silver
710,25,POPLATEK MESICNE,940902,Savings account,2018-09-02,Silver
1105,55,POPLATEK MESICNE,940901,Savings account,2018-09-01,Silver
3608,72,POPLATEK TYDNE,940830,Savings account,2018-08-30,Diamond
7523,63,POPLATEK MESICNE,940829,Savings account,2018-08-29,Silver
3533,74,POPLATEK MESICNE,940829,Savings account,2018-08-29,Silver
422,53,POPLATEK TYDNE,940829,NRI account,2018-08-29,Diamond
3226,65,POPLATEK MESICNE,940828,NRI account,2018-08-28,Silver
3612,70,POPLATEK MESICNE,940827,Savings account,2018-08-27,Silver
4580,9,POPLATEK MESICNE,940827,Salary account,2018-08-27,Silver
2401,16,POPLATEK MESICNE,940826,Savings account,2018-08-26,Silver
3425,70,POPLATEK MESICNE,940824,Salary account,2018-08-24,Silver
1327,65,POPLATEK MESICNE,940824,Savings account,2018-08-24,Silver
8776,64,POPLATEK MESICNE,940824,Savings account,2018-08-24,Silver
2798,70,POPLATEK MESICNE,940824,Savings account,2018-08-24,Silver
3625,3,POPLATEK MESICNE,940822,Savings account,2018-08-22,Silver
1911,68,POPLATEK MESICNE,940821,Salary account,2018-08-21,Silver
635,21,POPLATEK MESICNE,940821,Savings account,2018-08-21,Silver
4131,5,POPLATEK MESICNE,940819,Savings account,2018-08-19,Silver
377,70,POPLATEK MESICNE,940819,Savings account,2018-08-19,Silver
1398,62,POPLATEK MESICNE,940818,Savings account,2018-08-18,Silver
1246,58,POPLATEK MESICNE,940818,Savings account,2018-08-18,Silver
1592,38,POPLATEK MESICNE,940818,Salary account,2018-08-18,Silver
3728,10,POPLATEK MESICNE,940818,NRI account,2018-08-18,Silver
9192,1,POPLATEK MESICNE,940816,Savings account,2018-08-16,Silver
1360,71,POPLATEK MESICNE,940814,Savings account,2018-08-14,Silver
2747,1,POPLATEK MESICNE,940814,Savings account,2018-08-14,Silver
3017,75,POPLATEK MESICNE,940812,Salary account,2018-08-12,Silver
3112,38,POPLATEK MESICNE,940812,Savings account,2018-08-12,Silver
610,74,POPLATEK MESICNE,940811,Salary account,2018-08-11,Silver
3536,24,POPLATEK MESICNE,940811,Salary account,2018-08-11,Silver
1017,14,POPLATEK MESICNE,940811,Salary account,2018-08-11,Silver
1579,57,POPLATEK MESICNE,940809,Salary account,2018-08-09,Silver
3167,18,POPLATEK MESICNE,940808,Savings account,2018-08-08,Silver
582,12,POPLATEK MESICNE,940805,Salary account,2018-08-05,Silver
1848,1,POPLATEK MESICNE,940804,Salary account,2018-08-04,Silver
3497,76,POPLATEK MESICNE,940802,Salary account,2018-08-02,Silver
4995,20,POPLATEK TYDNE,940801,Salary account,2018-08-01,Diamond
1022,33,POPLATEK TYDNE,940801,Salary account,2018-08-01,Diamond
1797,24,POPLATEK MESICNE,940801,Salary account,2018-08-01,Silver
2912,74,POPLATEK MESICNE,940730,Savings account,2018-07-30,Silver
6738,62,POPLATEK MESICNE,940728,NRI account,2018-07-28,Silver
2606,1,POPLATEK MESICNE,940727,NRI account,2018-07-27,Silver
709,19,POPLATEK MESICNE,940725,NRI account,2018-07-25,Silver
629,31,POPLATEK MESICNE,940725,Salary account,2018-07-25,Silver
427,8,POPLATEK MESICNE,940724,Savings account,2018-07-24,Silver
2470,16,POPLATEK MESICNE,940723,Savings account,2018-07-23,Silver
9627,65,POPLATEK PO OBRATU,940722,NRI account,2018-07-22,Gold
2654,56,POPLATEK MESICNE,940721,NRI account,2018-07-21,Silver
662,21,POPLATEK MESICNE,940718,Savings account,2018-07-18,Silver
2615,68,POPLATEK MESICNE,940717,Savings account,2018-07-17,Silver
3503,1,POPLATEK MESICNE,940717,NRI account,2018-07-17,Silver
3921,18,POPLATEK MESICNE,940717,Salary account,2018-07-17,Silver
2819,35,POPLATEK MESICNE,940716,Salary account,2018-07-16,Silver
478,58,POPLATEK MESICNE,940716,NRI account,2018-07-16,Silver
5574,13,POPLATEK TYDNE,940714,NRI account,2018-07-14,Diamond
741,54,POPLATEK MESICNE,940714,Savings account,2018-07-14,Silver
90,1,POPLATEK MESICNE,940713,NRI account,2018-07-13,Silver
901,60,POPLATEK MESICNE,940710,NRI account,2018-07-10,Silver
7765,52,POPLATEK TYDNE,940710,Savings account,2018-07-10,Diamond
1012,65,POPLATEK MESICNE,940709,Savings account,2018-07-09,Silver
4276,43,POPLATEK MESICNE,940709,Savings account,2018-07-09,Silver
964,26,POPLATEK MESICNE,940708,Savings account,2018-07-08,Silver
711,70,POPLATEK MESICNE,940706,Savings account,2018-07-06,Silver
352,39,POPLATEK MESICNE,940704,Salary account,2018-07-04,Silver
1291,1,POPLATEK MESICNE,940704,NRI account,2018-07-04,Silver
161,28,POPLATEK MESICNE,940704,NRI account,2018-07-04,Silver
200,17,POPLATEK MESICNE,940703,Salary account,2018-07-03,Silver
2471,6,POPLATEK MESICNE,940703,NRI account,2018-07-03,Silver
3805,9,POPLATEK MESICNE,940702,Savings account,2018-07-02,Silver
10093,1,POPLATEK TYDNE,940701,Savings account,2018-07-01,Diamond
3275,74,POPLATEK MESICNE,940629,Salary account,2018-06-29,Silver
8492,2,POPLATEK MESICNE,940629,Savings account,2018-06-29,Silver
1938,1,POPLATEK MESICNE,940625,NRI account,2018-06-25,Silver
1870,10,POPLATEK MESICNE,940625,Savings account,2018-06-25,Silver
3030,65,POPLATEK MESICNE,940622,NRI account,2018-06-22,Silver
154,46,POPLATEK MESICNE,940621,Salary account,2018-06-21,Silver
3160,22,POPLATEK MESICNE,940619,Salary account,2018-06-19,Silver
1856,26,POPLATEK MESICNE,940619,Savings account,2018-06-19,Silver
4328,72,POPLATEK MESICNE,940617,Savings account,2018-06-17,Silver
5628,61,POPLATEK MESICNE,940617,Salary account,2018-06-17,Silver
2868,1,POPLATEK MESICNE,940615,NRI account,2018-06-15,Silver
3479,22,POPLATEK MESICNE,940614,Savings account,2018-06-14,Silver
1047,46,POPLATEK MESICNE,940613,NRI account,2018-06-13,Silver
43,36,POPLATEK MESICNE,940612,NRI account,2018-06-12,Silver
6511,72,POPLATEK MESICNE,940610,Salary account,2018-06-10,Silver
2569,2,POPLATEK MESICNE,940610,Salary account,2018-06-10,Silver
941,8,POPLATEK MESICNE,940608,Salary account,2018-06-08,Silver
2155,58,POPLATEK MESICNE,940608,NRI account,2018-06-08,Silver
4519,8,POPLATEK MESICNE,940608,Salary account,2018-06-08,Silver
3539,42,POPLATEK MESICNE,940608,NRI account,2018-06-08,Silver
2260,1,POPLATEK MESICNE,940607,NRI account,2018-06-07,Silver
538,70,POPLATEK MESICNE,940607,NRI account,2018-06-07,Silver
548,16,POPLATEK MESICNE,940607,Savings account,2018-06-07,Silver
2922,16,POPLATEK MESICNE,940606,NRI account,2018-06-06,Silver
693,2,POPLATEK MESICNE,940606,NRI account,2018-06-06,Silver
3650,8,POPLATEK MESICNE,940605,NRI account,2018-06-05,Silver
10942,44,POPLATEK TYDNE,940605,NRI account,2018-06-05,Diamond
8316,70,POPLATEK MESICNE,940604,Savings account,2018-06-04,Silver
1634,77,POPLATEK MESICNE,940604,Salary account,2018-06-04,Silver
4825,15,POPLATEK MESICNE,940604,Salary account,2018-06-04,Silver
3289,1,POPLATEK MESICNE,940602,Savings account,2018-06-02,Silver
2638,5,POPLATEK MESICNE,940602,NRI account,2018-06-02,Silver
6924,74,POPLATEK MESICNE,940601,NRI account,2018-06-01,Silver
3484,22,POPLATEK MESICNE,940601,Salary account,2018-06-01,Silver
700,20,POPLATEK MESICNE,940601,Salary account,2018-06-01,Silver
985,32,POPLATEK MESICNE,940529,Salary account,2018-05-29,Silver
11333,8,POPLATEK MESICNE,940526,Salary account,2018-05-26,Silver
1838,68,POPLATEK MESICNE,940526,Salary account,2018-05-26,Silver
3037,44,POPLATEK MESICNE,940526,NRI account,2018-05-26,Silver
3372,23,POPLATEK MESICNE,940526,NRI account,2018-05-26,Silver
1053,57,POPLATEK MESICNE,940525,Salary account,2018-05-25,Silver
535,35,POPLATEK MESICNE,940524,NRI account,2018-05-24,Silver
4066,72,POPLATEK MESICNE,940524,Savings account,2018-05-24,Silver
2662,71,POPLATEK MESICNE,940524,Savings account,2018-05-24,Silver
2749,1,POPLATEK MESICNE,940523,Salary account,2018-05-23,Silver
9583,31,POPLATEK TYDNE,940522,NRI account,2018-05-22,Diamond
3636,21,POPLATEK MESICNE,940522,Salary account,2018-05-22,Silver
1826,5,POPLATEK MESICNE,940522,NRI account,2018-05-22,Silver
2227,31,POPLATEK TYDNE,940522,Salary account,2018-05-22,Diamond
4195,67,POPLATEK MESICNE,940521,Savings account,2018-05-21,Silver
2496,51,POPLATEK MESICNE,940521,Savings account,2018-05-21,Silver
3717,56,POPLATEK MESICNE,940520,Savings account,2018-05-20,Silver
1509,51,POPLATEK MESICNE,940519,NRI account,2018-05-19,Silver
2170,1,POPLATEK PO OBRATU,940519,Savings account,2018-05-19,Gold
2001,75,POPLATEK MESICNE,940519,NRI account,2018-05-19,Silver
2903,38,POPLATEK MESICNE,940519,Savings account,2018-05-19,Silver
7824,60,POPLATEK MESICNE,940517,NRI account,2018-05-17,Silver
649,69,POPLATEK TYDNE,940517,NRI account,2018-05-17,Diamond
2996,54,POPLATEK MESICNE,940517,NRI account,2018-05-17,Silver
9750,74,POPLATEK MESICNE,940516,NRI account,2018-05-16,Silver
2375,29,POPLATEK MESICNE,940516,NRI account,2018-05-16,Silver
216,38,POPLATEK MESICNE,940516,Salary account,2018-05-16,Silver
56,50,POPLATEK MESICNE,940516,Savings account,2018-05-16,Silver
609,63,POPLATEK MESICNE,940515,Salary account,2018-05-15,Silver
2259,64,POPLATEK MESICNE,940514,Salary account,2018-05-14,Silver
1879,10,POPLATEK MESICNE,940513,Salary account,2018-05-13,Silver
266,47,POPLATEK MESICNE,940511,NRI account,2018-05-11,Silver
1871,48,POPLATEK MESICNE,940510,NRI account,2018-05-10,Silver
8405,20,POPLATEK MESICNE,940510,NRI account,2018-05-10,Silver
2847,75,POPLATEK MESICNE,940508,Savings account,2018-05-08,Silver
2740,14,POPLATEK MESICNE,940508,Salary account,2018-05-08,Silver
2454,8,POPLATEK MESICNE,940507,NRI account,2018-05-07,Silver
50,1,POPLATEK MESICNE,940506,NRI account,2018-05-06,Silver
1184,14,POPLATEK MESICNE,940506,Salary account,2018-05-06,Silver
363,1,POPLATEK MESICNE,940506,Salary account,2018-05-06,Silver
451,11,POPLATEK MESICNE,940505,Savings account,2018-05-05,Silver
3912,2,POPLATEK MESICNE,940504,Salary account,2018-05-04,Silver
1949,41,POPLATEK MESICNE,940504,NRI account,2018-05-04,Silver
1865,1,POPLATEK MESICNE,940504,NRI account,2018-05-04,Silver
543,64,POPLATEK MESICNE,940503,NRI account,2018-05-03,Silver
3653,31,POPLATEK MESICNE,940503,Salary account,2018-05-03,Silver
524,61,POPLATEK MESICNE,940503,NRI account,2018-05-03,Silver
82,26,POPLATEK MESICNE,940503,NRI account,2018-05-03,Silver
1388,29,POPLATEK MESICNE,940502,Salary account,2018-05-02,Silver
4245,52,POPLATEK MESICNE,940502,NRI account,2018-05-02,Silver
3838,3,POPLATEK MESICNE,940502,NRI account,2018-05-02,Silver
3747,1,POPLATEK MESICNE,940501,NRI account,2018-05-01,Silver
277,32,POPLATEK PO OBRATU,940501,NRI account,2018-05-01,Gold
3595,30,POPLATEK MESICNE,940501,NRI account,2018-05-01,Silver
2511,40,POPLATEK MESICNE,940501,Salary account,2018-05-01,Silver
908,62,POPLATEK MESICNE,940429,Salary account,2018-04-29,Silver
3134,48,POPLATEK MESICNE,940429,NRI account,2018-04-29,Silver
2092,1,POPLATEK MESICNE,940429,Savings account,2018-04-29,Silver
844,53,POPLATEK MESICNE,940428,Salary account,2018-04-28,Silver
1467,37,POPLATEK MESICNE,940427,NRI account,2018-04-27,Silver
31,68,POPLATEK MESICNE,940427,NRI account,2018-04-27,Silver
1375,19,POPLATEK MESICNE,940427,NRI account,2018-04-27,Silver
1371,1,POPLATEK MESICNE,940427,Savings account,2018-04-27,Silver
2399,1,POPLATEK MESICNE,940426,Savings account,2018-04-26,Silver
343,18,POPLATEK MESICNE,940426,Salary account,2018-04-26,Silver
575,38,POPLATEK MESICNE,940426,Savings account,2018-04-26,Silver
900,48,POPLATEK MESICNE,940426,Savings account,2018-04-26,Silver
2494,74,POPLATEK MESICNE,940423,NRI account,2018-04-23,Silver
1820,10,POPLATEK MESICNE,940422,Savings account,2018-04-22,Silver
3714,2,POPLATEK TYDNE,940421,NRI account,2018-04-21,Diamond
2154,63,POPLATEK MESICNE,940421,Salary account,2018-04-21,Silver
1256,38,POPLATEK MESICNE,940421,Savings account,2018-04-21,Silver
1353,51,POPLATEK MESICNE,940421,NRI account,2018-04-21,Silver
784,59,POPLATEK MESICNE,940419,Savings account,2018-04-19,Silver
460,1,POPLATEK MESICNE,940418,NRI account,2018-04-18,Silver
3201,4,POPLATEK MESICNE,940417,Salary account,2018-04-17,Silver
3718,63,POPLATEK MESICNE,940416,Salary account,2018-04-16,Silver
1194,1,POPLATEK MESICNE,940415,Savings account,2018-04-15,Silver
2009,17,POPLATEK MESICNE,940414,Salary account,2018-04-14,Silver
3259,1,POPLATEK MESICNE,940411,Salary account,2018-04-11,Silver
4408,71,POPLATEK TYDNE,940411,Salary account,2018-04-11,Diamond
1918,24,POPLATEK MESICNE,940410,NRI account,2018-04-10,Silver
3036,10,POPLATEK MESICNE,940410,NRI account,2018-04-10,Silver
761,43,POPLATEK MESICNE,940409,NRI account,2018-04-09,Silver
4259,66,POPLATEK MESICNE,940408,NRI account,2018-04-08,Silver
2886,1,POPLATEK MESICNE,940408,Salary account,2018-04-08,Silver
2067,76,POPLATEK MESICNE,940407,Salary account,2018-04-07,Silver
3804,7,POPLATEK MESICNE,940407,Savings account,2018-04-07,Silver
493,26,POPLATEK MESICNE,940405,NRI account,2018-04-05,Silver
740,28,POPLATEK MESICNE,940404,Savings account,2018-04-04,Silver
2799,54,POPLATEK TYDNE,940403,Salary account,2018-04-03,Diamond
1042,43,POPLATEK MESICNE,940403,NRI account,2018-04-03,Silver
1158,50,POPLATEK MESICNE,940403,Savings account,2018-04-03,Silver
2713,26,POPLATEK MESICNE,940403,Salary account,2018-04-03,Silver
1969,5,POPLATEK MESICNE,940402,NRI account,2018-04-02,Silver
3183,45,POPLATEK MESICNE,940401,Salary account,2018-04-01,Silver
1269,52,POPLATEK MESICNE,940328,NRI account,2018-03-28,Silver
855,1,POPLATEK MESICNE,940328,Savings account,2018-03-28,Silver
59,43,POPLATEK MESICNE,940327,Savings account,2018-03-27,Silver
572,32,POPLATEK MESICNE,940327,Salary account,2018-03-27,Silver
1273,37,POPLATEK MESICNE,940325,NRI account,2018-03-25,Silver
237,50,POPLATEK MESICNE,940325,Savings account,2018-03-25,Silver
22,1,POPLATEK MESICNE,940323,NRI account,2018-03-23,Silver
470,64,POPLATEK MESICNE,940323,Savings account,2018-03-23,Silver
904,1,POPLATEK MESICNE,940320,NRI account,2018-03-20,Silver
3824,41,POPLATEK MESICNE,940320,Salary account,2018-03-20,Silver
3599,63,POPLATEK MESICNE,940320,Salary account,2018-03-20,Silver
2228,34,POPLATEK MESICNE,940319,Savings account,2018-03-19,Silver
817,5,POPLATEK MESICNE,940318,NRI account,2018-03-18,Silver
289,1,POPLATEK MESICNE,940317,Savings account,2018-03-17,Silver
1987,54,POPLATEK MESICNE,940317,NRI account,2018-03-17,Silver
3253,71,POPLATEK PO OBRATU,940315,Salary account,2018-03-15,Gold
1626,3,POPLATEK MESICNE,940315,Salary account,2018-03-15,Silver
3378,55,POPLATEK MESICNE,940314,Salary account,2018-03-14,Silver
989,19,POPLATEK MESICNE,940314,Salary account,2018-03-14,Silver
1511,51,POPLATEK PO OBRATU,940313,NRI account,2018-03-13,Gold
1237,9,POPLATEK MESICNE,940313,NRI account,2018-03-13,Silver
3307,30,POPLATEK MESICNE,940313,Savings account,2018-03-13,Silver
1570,1,POPLATEK MESICNE,940312,Salary account,2018-03-12,Silver
2382,59,POPLATEK MESICNE,940308,Salary account,2018-03-08,Silver
3405,36,POPLATEK MESICNE,940307,Savings account,2018-03-07,Silver
6118,1,POPLATEK TYDNE,940307,NRI account,2018-03-07,Diamond
71,1,POPLATEK MESICNE,940305,Savings account,2018-03-05,Silver
3528,10,POPLATEK MESICNE,940305,Savings account,2018-03-05,Silver
3684,23,POPLATEK MESICNE,940304,Salary account,2018-03-04,Silver
1406,50,POPLATEK MESICNE,940304,Salary account,2018-03-04,Silver
2568,17,POPLATEK MESICNE,940302,NRI account,2018-03-02,Silver
1169,49,POPLATEK PO OBRATU,940302,Savings account,2018-03-02,Gold
1073,73,POPLATEK MESICNE,940227,Salary account,2018-02-27,Silver
8558,1,POPLATEK PO OBRATU,940227,Savings account,2018-02-27,Gold
3101,1,POPLATEK MESICNE,940227,NRI account,2018-02-27,Silver
3355,70,POPLATEK MESICNE,940226,Salary account,2018-02-26,Silver
2501,30,POPLATEK MESICNE,940226,NRI account,2018-02-26,Silver
2361,28,POPLATEK MESICNE,940225,NRI account,2018-02-25,Silver
974,29,POPLATEK MESICNE,940225,Savings account,2018-02-25,Silver
2959,8,POPLATEK MESICNE,940225,Savings account,2018-02-25,Silver
1880,76,POPLATEK MESICNE,940225,Salary account,2018-02-25,Silver
2482,1,POPLATEK MESICNE,940223,Savings account,2018-02-23,Silver
3445,1,POPLATEK MESICNE,940222,NRI account,2018-02-22,Silver
4009,56,POPLATEK MESICNE,940220,Savings account,2018-02-20,Silver
3886,1,POPLATEK MESICNE,940220,NRI account,2018-02-20,Silver
2675,1,POPLATEK MESICNE,940219,Savings account,2018-02-19,Silver
3840,76,POPLATEK MESICNE,940219,Salary account,2018-02-19,Silver
3184,1,POPLATEK MESICNE,940218,Savings account,2018-02-18,Silver
370,25,POPLATEK MESICNE,940218,Salary account,2018-02-18,Silver
1317,56,POPLATEK MESICNE,940218,Salary account,2018-02-18,Silver
4329,1,POPLATEK MESICNE,940217,NRI account,2018-02-17,Silver
2315,75,POPLATEK MESICNE,940213,NRI account,2018-02-13,Silver
3876,69,POPLATEK MESICNE,940213,NRI account,2018-02-13,Silver
4416,14,POPLATEK MESICNE,940212,Savings account,2018-02-12,Silver
1813,47,POPLATEK MESICNE,940211,Savings account,2018-02-11,Silver
1470,19,POPLATEK MESICNE,940210,Salary account,2018-02-10,Silver
1159,49,POPLATEK MESICNE,940209,Savings account,2018-02-09,Silver
4418,66,POPLATEK MESICNE,940209,Savings account,2018-02-09,Silver
6472,61,POPLATEK MESICNE,940208,Salary account,2018-02-08,Silver
1770,65,POPLATEK MESICNE,940208,Savings account,2018-02-08,Silver
2472,60,POPLATEK MESICNE,940208,Savings account,2018-02-08,Silver
3898,70,POPLATEK MESICNE,940207,NRI account,2018-02-07,Silver
4907,42,POPLATEK MESICNE,940206,NRI account,2018-02-06,Silver
2628,64,POPLATEK PO OBRATU,940206,Savings account,2018-02-06,Gold
726,76,POPLATEK MESICNE,940203,Savings account,2018-02-03,Silver
127,29,POPLATEK MESICNE,940202,NRI account,2018-02-02,Silver
2538,42,POPLATEK MESICNE,940130,Savings account,2018-01-30,Silver
742,77,POPLATEK MESICNE,940128,NRI account,2018-01-28,Silver
4356,47,POPLATEK MESICNE,940126,Savings account,2018-01-26,Silver
3667,55,POPLATEK MESICNE,940126,Salary account,2018-01-26,Silver
2326,70,POPLATEK MESICNE,940124,Savings account,2018-01-24,Silver
9104,10,POPLATEK MESICNE,940121,NRI account,2018-01-21,Silver
2664,58,POPLATEK MESICNE,940120,Savings account,2018-01-20,Silver
1627,1,POPLATEK MESICNE,940120,Savings account,2018-01-20,Silver
1231,7,POPLATEK MESICNE,940118,Savings account,2018-01-18,Silver
1824,52,POPLATEK MESICNE,940117,Savings account,2018-01-17,Silver
4413,74,POPLATEK TYDNE,940115,Salary account,2018-01-15,Diamond
2179,1,POPLATEK TYDNE,940114,Savings account,2018-01-14,Diamond
1164,35,POPLATEK MESICNE,940114,NRI account,2018-01-14,Silver
4774,66,POPLATEK MESICNE,940114,NRI account,2018-01-14,Silver
3997,62,POPLATEK MESICNE,940113,Savings account,2018-01-13,Silver
969,19,POPLATEK MESICNE,940108,Salary account,2018-01-08,Silver
1512,1,POPLATEK MESICNE,940108,NRI account,2018-01-08,Silver
1193,29,POPLATEK MESICNE,940105,NRI account,2018-01-05,Silver
2673,34,POPLATEK MESICNE,940104,Savings account,2018-01-04,Silver
1788,1,POPLATEK MESICNE,940104,Salary account,2018-01-04,Silver
628,72,POPLATEK MESICNE,940103,NRI account,2018-01-03,Silver
1458,29,POPLATEK MESICNE,940103,Salary account,2018-01-03,Silver
1552,18,POPLATEK MESICNE,940102,Savings account,2018-01-02,Silver
2789,14,POPLATEK MESICNE,940101,Salary account,2018-01-01,Silver
3594,29,POPLATEK MESICNE,931230,NRI account,2017-12-30,Silver
2778,38,POPLATEK MESICNE,931230,NRI account,2017-12-30,Silver
2161,15,POPLATEK TYDNE,931230,Savings account,2017-12-30,Diamond
1153,35,POPLATEK MESICNE,931229,Savings account,2017-12-29,Silver
1635,19,POPLATEK MESICNE,931229,Salary account,2017-12-29,Silver
2842,14,POPLATEK MESICNE,931229,Salary account,2017-12-29,Silver
3759,1,POPLATEK MESICNE,931229,Savings account,2017-12-29,Silver
1098,47,POPLATEK MESICNE,931228,Salary account,2017-12-28,Silver
100,41,POPLATEK MESICNE,931228,Savings account,2017-12-28,Silver
2913,8,POPLATEK MESICNE,931228,Savings account,2017-12-28,Silver
7944,59,POPLATEK MESICNE,931227,NRI account,2017-12-27,Silver
1080,55,POPLATEK MESICNE,931227,Salary account,2017-12-27,Silver
6148,74,POPLATEK MESICNE,931227,Salary account,2017-12-27,Silver
2010,1,POPLATEK MESICNE,931227,Savings account,2017-12-27,Silver
3135,72,POPLATEK MESICNE,931227,Salary account,2017-12-27,Silver
3197,1,POPLATEK MESICNE,931225,NRI account,2017-12-25,Silver
2770,42,POPLATEK MESICNE,931225,Salary account,2017-12-25,Silver
1959,62,POPLATEK MESICNE,931224,Savings account,2017-12-24,Silver
3164,33,POPLATEK MESICNE,931224,Savings account,2017-12-24,Silver
2971,76,POPLATEK TYDNE,931223,Savings account,2017-12-23,Diamond
3604,75,POPLATEK MESICNE,931222,Salary account,2017-12-22,Silver
2733,76,POPLATEK MESICNE,931222,NRI account,2017-12-22,Silver
3669,76,POPLATEK MESICNE,931222,Salary account,2017-12-22,Silver
1940,52,POPLATEK MESICNE,931222,Savings account,2017-12-22,Silver
3056,55,POPLATEK MESICNE,931222,NRI account,2017-12-22,Silver
1419,33,POPLATEK MESICNE,931222,Savings account,2017-12-22,Silver
2257,57,POPLATEK MESICNE,931221,NRI account,2017-12-21,Silver
1882,1,POPLATEK MESICNE,931221,Savings account,2017-12-21,Silver
719,30,POPLATEK MESICNE,931221,Salary account,2017-12-21,Silver
5092,74,POPLATEK MESICNE,931221,Salary account,2017-12-21,Silver
3292,1,POPLATEK MESICNE,931221,Salary account,2017-12-21,Silver
3094,56,POPLATEK MESICNE,931220,NRI account,2017-12-20,Silver
1768,15,POPLATEK MESICNE,931220,Salary account,2017-12-20,Silver
2768,73,POPLATEK MESICNE,931220,Savings account,2017-12-20,Silver
1088,32,POPLATEK MESICNE,931219,Savings account,2017-12-19,Silver
4514,69,POPLATEK MESICNE,931218,Savings account,2017-12-18,Silver
883,1,POPLATEK MESICNE,931217,Salary account,2017-12-17,Silver
441,27,POPLATEK TYDNE,931217,NRI account,2017-12-17,Diamond
3429,73,POPLATEK MESICNE,931217,Salary account,2017-12-17,Silver
1605,72,POPLATEK MESICNE,931216,Salary account,2017-12-16,Silver
1792,7,POPLATEK MESICNE,931216,Salary account,2017-12-16,Silver
1604,54,POPLATEK MESICNE,931216,NRI account,2017-12-16,Silver
2813,24,POPLATEK MESICNE,931215,Savings account,2017-12-15,Silver
2928,55,POPLATEK MESICNE,931214,NRI account,2017-12-14,Silver
1225,4,POPLATEK MESICNE,931214,Savings account,2017-12-14,Silver
3825,7,POPLATEK MESICNE,931214,Savings account,2017-12-14,Silver
180,55,POPLATEK TYDNE,931214,Salary account,2017-12-14,Diamond
347,65,POPLATEK MESICNE,931213,Salary account,2017-12-13,Silver
1877,76,POPLATEK MESICNE,931213,NRI account,2017-12-13,Silver
3196,1,POPLATEK MESICNE,931213,Salary account,2017-12-13,Silver
183,43,POPLATEK MESICNE,931212,Savings account,2017-12-12,Silver
365,74,POPLATEK MESICNE,931212,Salary account,2017-12-12,Silver
2476,32,POPLATEK MESICNE,931212,Salary account,2017-12-12,Silver
1762,28,POPLATEK MESICNE,931211,NRI account,2017-12-11,Silver
61,70,POPLATEK MESICNE,931211,Savings account,2017-12-11,Silver
391,36,POPLATEK MESICNE,931211,NRI account,2017-12-11,Silver
2305,1,POPLATEK MESICNE,931211,NRI account,2017-12-11,Silver
1588,67,POPLATEK MESICNE,931211,Savings account,2017-12-11,Silver
1680,59,POPLATEK MESICNE,931210,NRI account,2017-12-10,Silver
3039,1,POPLATEK MESICNE,931210,Salary account,2017-12-10,Silver
3380,64,POPLATEK MESICNE,931210,NRI account,2017-12-10,Silver
2128,22,POPLATEK MESICNE,931210,NRI account,2017-12-10,Silver
903,47,POPLATEK MESICNE,931210,Savings account,2017-12-10,Silver
2504,16,POPLATEK MESICNE,931209,NRI account,2017-12-09,Silver
358,12,POPLATEK MESICNE,931209,Savings account,2017-12-09,Silver
2980,66,POPLATEK MESICNE,931209,Salary account,2017-12-09,Silver
3918,53,POPLATEK MESICNE,931209,Savings account,2017-12-09,Silver
737,34,POPLATEK MESICNE,931208,NRI account,2017-12-08,Silver
2306,38,POPLATEK MESICNE,931208,Salary account,2017-12-08,Silver
1673,53,POPLATEK MESICNE,931208,Savings account,2017-12-08,Silver
10663,11,POPLATEK MESICNE,931208,Salary account,2017-12-08,Silver
3345,22,POPLATEK MESICNE,931208,Savings account,2017-12-08,Silver
1970,8,POPLATEK MESICNE,931208,Salary account,2017-12-08,Silver
884,2,POPLATEK MESICNE,931207,Salary account,2017-12-07,Silver
4264,28,POPLATEK MESICNE,931207,Savings account,2017-12-07,Silver
3223,1,POPLATEK MESICNE,931207,NRI account,2017-12-07,Silver
956,74,POPLATEK MESICNE,931205,Savings account,2017-12-05,Silver
597,41,POPLATEK MESICNE,931205,NRI account,2017-12-05,Silver
3129,5,POPLATEK MESICNE,931205,Savings account,2017-12-05,Silver
2063,1,POPLATEK MESICNE,931204,NRI account,2017-12-04,Silver
3087,15,POPLATEK MESICNE,931204,Savings account,2017-12-04,Silver
2588,5,POPLATEK MESICNE,931204,NRI account,2017-12-04,Silver
66,48,POPLATEK PO OBRATU,931203,NRI account,2017-12-03,Gold
1314,48,POPLATEK MESICNE,931203,NRI account,2017-12-03,Silver
3145,4,POPLATEK MESICNE,931203,Salary account,2017-12-03,Silver
1204,29,POPLATEK MESICNE,931203,Savings account,2017-12-03,Silver
437,43,POPLATEK MESICNE,931203,NRI account,2017-12-03,Silver
1359,8,POPLATEK MESICNE,931202,NRI account,2017-12-02,Silver
290,56,POPLATEK MESICNE,931202,Savings account,2017-12-02,Silver
1621,75,POPLATEK MESICNE,931201,Salary account,2017-12-01,Silver
344,54,POPLATEK MESICNE,931201,NRI account,2017-12-01,Silver
426,1,POPLATEK MESICNE,931129,Salary account,2017-11-29,Silver
3570,44,POPLATEK MESICNE,931129,Savings account,2017-11-29,Silver
4237,18,POPLATEK MESICNE,931129,NRI account,2017-11-29,Silver
2739,59,POPLATEK MESICNE,931129,Salary account,2017-11-29,Silver
4526,63,POPLATEK MESICNE,931129,Salary account,2017-11-29,Silver
1952,70,POPLATEK MESICNE,931128,Savings account,2017-11-28,Silver
651,72,POPLATEK MESICNE,931128,Salary account,2017-11-28,Silver
2989,4,POPLATEK MESICNE,931128,Savings account,2017-11-28,Silver
1499,47,POPLATEK MESICNE,931128,NRI account,2017-11-28,Silver
2419,24,POPLATEK MESICNE,931127,NRI account,2017-11-27,Silver
1288,11,POPLATEK MESICNE,931127,Savings account,2017-11-27,Silver
3003,18,POPLATEK MESICNE,931127,Savings account,2017-11-27,Silver
10131,1,POPLATEK MESICNE,931127,Savings account,2017-11-27,Silver
173,66,POPLATEK MESICNE,931126,Savings account,2017-11-26,Silver
10904,48,POPLATEK MESICNE,931126,Salary account,2017-11-26,Silver
7844,1,POPLATEK MESICNE,931126,Salary account,2017-11-26,Silver
6353,26,POPLATEK MESICNE,931126,Salary account,2017-11-26,Silver
604,12,POPLATEK MESICNE,931126,NRI account,2017-11-26,Silver
6806,1,POPLATEK MESICNE,931126,NRI account,2017-11-26,Silver
5927,15,POPLATEK MESICNE,931126,Salary account,2017-11-26,Silver
245,65,POPLATEK MESICNE,931125,Salary account,2017-11-25,Silver
688,74,POPLATEK MESICNE,931125,Salary account,2017-11-25,Silver
7449,1,POPLATEK MESICNE,931124,Savings account,2017-11-24,Silver
545,54,POPLATEK MESICNE,931124,NRI account,2017-11-24,Silver
1931,20,POPLATEK MESICNE,931123,NRI account,2017-11-23,Silver
2972,12,POPLATEK MESICNE,931123,NRI account,2017-11-23,Silver
1286,66,POPLATEK PO OBRATU,931123,Savings account,2017-11-23,Gold
1235,76,POPLATEK MESICNE,931123,Salary account,2017-11-23,Silver
4385,23,POPLATEK MESICNE,931123,Savings account,2017-11-23,Silver
10788,67,POPLATEK TYDNE,931122,Savings account,2017-11-22,Diamond
4343,31,POPLATEK MESICNE,931122,Salary account,2017-11-22,Silver
2460,1,POPLATEK MESICNE,931122,NRI account,2017-11-22,Silver
498,1,POPLATEK MESICNE,931121,NRI account,2017-11-21,Silver
3571,39,POPLATEK MESICNE,931121,Savings account,2017-11-21,Silver
5991,1,POPLATEK MESICNE,931121,Savings account,2017-11-21,Silver
1128,74,POPLATEK MESICNE,931121,Savings account,2017-11-21,Silver
10439,66,POPLATEK MESICNE,931121,Salary account,2017-11-21,Silver
1302,55,POPLATEK MESICNE,931121,Salary account,2017-11-21,Silver
3309,66,POPLATEK MESICNE,931120,NRI account,2017-11-20,Silver
3107,5,POPLATEK MESICNE,931120,Savings account,2017-11-20,Silver
8377,29,POPLATEK MESICNE,931120,Savings account,2017-11-20,Silver
345,5,POPLATEK MESICNE,931120,Savings account,2017-11-20,Silver
1686,11,POPLATEK MESICNE,931118,Salary account,2017-11-18,Silver
10670,60,POPLATEK MESICNE,931118,Savings account,2017-11-18,Silver
2557,40,POPLATEK MESICNE,931117,Savings account,2017-11-17,Silver
1527,31,POPLATEK PO OBRATU,931117,Savings account,2017-11-17,Gold
3938,57,POPLATEK MESICNE,931117,Savings account,2017-11-17,Silver
4337,29,POPLATEK MESICNE,931116,Salary account,2017-11-16,Silver
1941,60,POPLATEK MESICNE,931115,Salary account,2017-11-15,Silver
3617,22,POPLATEK MESICNE,931115,Salary account,2017-11-15,Silver
3370,49,POPLATEK MESICNE,931115,Salary account,2017-11-15,Silver
1664,56,POPLATEK MESICNE,931115,Salary account,2017-11-15,Silver
196,4,POPLATEK MESICNE,931114,NRI account,2017-11-14,Silver
3218,41,POPLATEK MESICNE,931114,Salary account,2017-11-14,Silver
3660,74,POPLATEK MESICNE,931114,Savings account,2017-11-14,Silver
787,10,POPLATEK MESICNE,931114,Salary account,2017-11-14,Silver
3820,1,POPLATEK MESICNE,931114,Salary account,2017-11-14,Silver
10906,76,POPLATEK MESICNE,931114,Savings account,2017-11-14,Silver
914,73,POPLATEK MESICNE,931114,Savings account,2017-11-14,Silver
9656,61,POPLATEK MESICNE,931114,NRI account,2017-11-14,Silver
2665,61,POPLATEK MESICNE,931113,Savings account,2017-11-13,Silver
1114,6,POPLATEK TYDNE,931113,NRI account,2017-11-13,Diamond
8957,1,POPLATEK MESICNE,931113,Salary account,2017-11-13,Silver
2271,68,POPLATEK MESICNE,931113,Savings account,2017-11-13,Silver
2549,74,POPLATEK MESICNE,931112,Salary account,2017-11-12,Silver
1947,35,POPLATEK MESICNE,931112,Salary account,2017-11-12,Silver
2738,41,POPLATEK MESICNE,931112,NRI account,2017-11-12,Silver
1809,1,POPLATEK TYDNE,931112,NRI account,2017-11-12,Diamond
519,24,POPLATEK MESICNE,931112,Salary account,2017-11-12,Silver
321,47,POPLATEK MESICNE,931111,Savings account,2017-11-11,Silver
3548,23,POPLATEK MESICNE,931111,Salary account,2017-11-11,Silver
5984,11,POPLATEK MESICNE,931111,Salary account,2017-11-11,Silver
3091,3,POPLATEK MESICNE,931111,NRI account,2017-11-11,Silver
626,72,POPLATEK MESICNE,931111,Savings account,2017-11-11,Silver
998,47,POPLATEK MESICNE,931111,Savings account,2017-11-11,Silver
3326,5,POPLATEK MESICNE,931111,Salary account,2017-11-11,Silver
2457,76,POPLATEK MESICNE,931111,Savings account,2017-11-11,Silver
3688,70,POPLATEK MESICNE,931110,Salary account,2017-11-10,Silver
462,29,POPLATEK MESICNE,931110,NRI account,2017-11-10,Silver
3243,1,POPLATEK MESICNE,931110,Salary account,2017-11-10,Silver
8625,64,POPLATEK MESICNE,931110,Savings account,2017-11-10,Silver
3948,1,POPLATEK MESICNE,931109,Salary account,2017-11-09,Silver
648,13,POPLATEK MESICNE,931109,Salary account,2017-11-09,Silver
4173,1,POPLATEK MESICNE,931108,NRI account,2017-11-08,Silver
2700,74,POPLATEK MESICNE,931108,Savings account,2017-11-08,Silver
2318,73,POPLATEK MESICNE,931108,Savings account,2017-11-08,Silver
7965,55,POPLATEK MESICNE,931108,NRI account,2017-11-08,Silver
3352,42,POPLATEK MESICNE,931108,NRI account,2017-11-08,Silver
4255,70,POPLATEK TYDNE,931108,NRI account,2017-11-08,Diamond
73,72,POPLATEK MESICNE,931108,Salary account,2017-11-08,Silver
1984,73,POPLATEK MESICNE,931107,Savings account,2017-11-07,Silver
243,55,POPLATEK TYDNE,931106,Savings account,2017-11-06,Diamond
3687,71,POPLATEK MESICNE,931106,NRI account,2017-11-06,Silver
743,10,POPLATEK MESICNE,931105,NRI account,2017-11-05,Silver
3640,10,POPLATEK MESICNE,931105,Salary account,2017-11-05,Silver
3354,63,POPLATEK MESICNE,931105,Savings account,2017-11-05,Silver
107,64,POPLATEK MESICNE,931105,Savings account,2017-11-05,Silver
841,1,POPLATEK MESICNE,931104,Salary account,2017-11-04,Silver
2269,6,POPLATEK MESICNE,931104,Salary account,2017-11-04,Silver
2867,30,POPLATEK MESICNE,931104,Salary account,2017-11-04,Silver
3371,68,POPLATEK MESICNE,931104,Savings account,2017-11-04,Silver
520,60,POPLATEK MESICNE,931104,Savings account,2017-11-04,Silver
340,1,POPLATEK MESICNE,931103,NRI account,2017-11-03,Silver
4079,52,POPLATEK MESICNE,931103,Savings account,2017-11-03,Silver
3086,1,POPLATEK MESICNE,931102,Salary account,2017-11-02,Silver
2250,35,POPLATEK MESICNE,931102,Savings account,2017-11-02,Silver
1495,36,POPLATEK MESICNE,931101,NRI account,2017-11-01,Silver
2582,28,POPLATEK MESICNE,931101,NRI account,2017-11-01,Silver
4470,16,POPLATEK MESICNE,931101,Savings account,2017-11-01,Silver
1381,57,POPLATEK MESICNE,931101,NRI account,2017-11-01,Silver
2435,38,POPLATEK MESICNE,931101,Savings account,2017-11-01,Silver
542,1,POPLATEK MESICNE,931101,Salary account,2017-11-01,Silver
1123,13,POPLATEK MESICNE,931101,NRI account,2017-11-01,Silver
3225,1,POPLATEK MESICNE,931101,NRI account,2017-11-01,Silver
1133,1,POPLATEK MESICNE,931101,Savings account,2017-11-01,Silver
1666,67,POPLATEK MESICNE,931030,Savings account,2017-10-30,Silver
354,59,POPLATEK MESICNE,931028,NRI account,2017-10-28,Silver
259,2,POPLATEK MESICNE,931028,NRI account,2017-10-28,Silver
287,16,POPLATEK MESICNE,931027,NRI account,2017-10-27,Silver
2180,45,POPLATEK MESICNE,931027,NRI account,2017-10-27,Silver
397,11,POPLATEK MESICNE,931026,NRI account,2017-10-26,Silver
3146,68,POPLATEK MESICNE,931026,Savings account,2017-10-26,Silver
198,70,POPLATEK MESICNE,931025,NRI account,2017-10-25,Silver
2345,5,POPLATEK MESICNE,931025,NRI account,2017-10-25,Silver
5256,72,POPLATEK PO OBRATU,931025,NRI account,2017-10-25,Gold
40,64,POPLATEK MESICNE,931025,Savings account,2017-10-25,Silver
419,13,POPLATEK MESICNE,931025,NRI account,2017-10-25,Silver
3892,43,POPLATEK MESICNE,931025,NRI account,2017-10-25,Silver
1217,69,POPLATEK MESICNE,931025,Salary account,2017-10-25,Silver
126,5,POPLATEK MESICNE,931023,Salary account,2017-10-23,Silver
2859,11,POPLATEK MESICNE,931023,Savings account,2017-10-23,Silver
2667,23,POPLATEK MESICNE,931023,Savings account,2017-10-23,Silver
1789,46,POPLATEK MESICNE,931023,NRI account,2017-10-23,Silver
838,47,POPLATEK MESICNE,931023,Salary account,2017-10-23,Silver
3264,70,POPLATEK MESICNE,931023,NRI account,2017-10-23,Silver
3927,56,POPLATEK MESICNE,931022,Salary account,2017-10-22,Silver
2050,1,POPLATEK MESICNE,931022,Savings account,2017-10-22,Silver
2276,31,POPLATEK MESICNE,931022,Salary account,2017-10-22,Silver
2140,75,POPLATEK MESICNE,931021,NRI account,2017-10-21,Silver
1051,35,POPLATEK MESICNE,931021,Salary account,2017-10-21,Silver
1565,36,POPLATEK MESICNE,931020,NRI account,2017-10-20,Silver
2824,11,POPLATEK MESICNE,931020,NRI account,2017-10-20,Silver
2052,61,POPLATEK MESICNE,931020,Salary account,2017-10-20,Silver
1767,21,POPLATEK MESICNE,931020,NRI account,2017-10-20,Silver
1345,28,POPLATEK MESICNE,931019,NRI account,2017-10-19,Silver
4119,77,POPLATEK MESICNE,931018,NRI account,2017-10-18,Silver
2660,1,POPLATEK TYDNE,931017,Salary account,2017-10-17,Diamond
4287,1,POPLATEK MESICNE,931017,NRI account,2017-10-17,Silver
3551,6,POPLATEK MESICNE,931017,NRI account,2017-10-17,Silver
2072,41,POPLATEK MESICNE,931017,NRI account,2017-10-17,Silver
102,11,POPLATEK MESICNE,931016,Salary account,2017-10-16,Silver
540,75,POPLATEK MESICNE,931016,NRI account,2017-10-16,Silver
931,59,POPLATEK MESICNE,931015,Savings account,2017-10-15,Silver
4260,56,POPLATEK MESICNE,931014,Salary account,2017-10-14,Silver
616,43,POPLATEK MESICNE,931014,Savings account,2017-10-14,Silver
3483,40,POPLATEK MESICNE,931012,Salary account,2017-10-12,Silver
3972,51,POPLATEK MESICNE,931011,NRI account,2017-10-11,Silver
1468,54,POPLATEK MESICNE,931011,NRI account,2017-10-11,Silver
624,70,POPLATEK MESICNE,931011,Salary account,2017-10-11,Silver
11135,75,POPLATEK MESICNE,931010,Savings account,2017-10-10,Silver
8041,1,POPLATEK MESICNE,931010,Savings account,2017-10-10,Silver
492,5,POPLATEK MESICNE,931010,Savings account,2017-10-10,Silver
799,56,POPLATEK MESICNE,931010,Savings account,2017-10-10,Silver
2623,58,POPLATEK MESICNE,931009,NRI account,2017-10-09,Silver
2793,47,POPLATEK MESICNE,931009,Savings account,2017-10-09,Silver
2479,18,POPLATEK MESICNE,931009,NRI account,2017-10-09,Silver
1516,67,POPLATEK MESICNE,931008,Savings account,2017-10-08,Silver
4543,33,POPLATEK MESICNE,931008,Salary account,2017-10-08,Silver
2427,70,POPLATEK TYDNE,931008,NRI account,2017-10-08,Diamond
1981,64,POPLATEK MESICNE,931008,Savings account,2017-10-08,Silver
8566,74,POPLATEK MESICNE,931008,Savings account,2017-10-08,Silver
678,17,POPLATEK MESICNE,931008,NRI account,2017-10-08,Silver
4659,56,POPLATEK MESICNE,931008,Salary account,2017-10-08,Silver
4059,34,POPLATEK MESICNE,931008,Salary account,2017-10-08,Silver
4013,73,POPLATEK PO OBRATU,931008,NRI account,2017-10-08,Gold
7011,75,POPLATEK MESICNE,931008,NRI account,2017-10-08,Silver
2132,76,POPLATEK MESICNE,931008,Salary account,2017-10-08,Silver
1816,44,POPLATEK MESICNE,931008,Salary account,2017-10-08,Silver
235,41,POPLATEK MESICNE,931006,NRI account,2017-10-06,Silver
3701,76,POPLATEK MESICNE,931006,NRI account,2017-10-06,Silver
2201,8,POPLATEK MESICNE,931005,Savings account,2017-10-05,Silver
1896,74,POPLATEK MESICNE,931005,Salary account,2017-10-05,Silver
5387,1,POPLATEK MESICNE,931005,Salary account,2017-10-05,Silver
3535,1,POPLATEK MESICNE,931005,Salary account,2017-10-05,Silver
1120,1,POPLATEK MESICNE,931005,Savings account,2017-10-05,Silver
1485,36,POPLATEK MESICNE,931003,NRI account,2017-10-03,Silver
7769,23,POPLATEK MESICNE,931003,NRI account,2017-10-03,Silver
2613,26,POPLATEK MESICNE,931003,Savings account,2017-10-03,Silver
15,70,POPLATEK MESICNE,931002,Savings account,2017-10-02,Silver
3237,20,POPLATEK MESICNE,931002,Salary account,2017-10-02,Silver
3618,29,POPLATEK MESICNE,930929,Savings account,2017-09-29,Silver
1016,40,POPLATEK MESICNE,930929,Salary account,2017-09-29,Silver
3171,61,POPLATEK MESICNE,930928,NRI account,2017-09-28,Silver
228,5,POPLATEK MESICNE,930928,NRI account,2017-09-28,Silver
1052,61,POPLATEK MESICNE,930927,Salary account,2017-09-27,Silver
10227,62,POPLATEK PO OBRATU,930927,Salary account,2017-09-27,Gold
27,73,POPLATEK MESICNE,930926,Savings account,2017-09-26,Silver
4511,33,POPLATEK MESICNE,930926,Savings account,2017-09-26,Silver
1453,61,POPLATEK TYDNE,930925,Savings account,2017-09-25,Diamond
3977,7,POPLATEK MESICNE,930925,Salary account,2017-09-25,Silver
8982,64,POPLATEK MESICNE,930925,NRI account,2017-09-25,Silver
2617,1,POPLATEK MESICNE,930924,Salary account,2017-09-24,Silver
467,74,POPLATEK MESICNE,930924,Salary account,2017-09-24,Silver
4437,40,POPLATEK MESICNE,930924,Savings account,2017-09-24,Silver
3505,46,POPLATEK MESICNE,930923,NRI account,2017-09-23,Silver
1804,20,POPLATEK TYDNE,930923,Salary account,2017-09-23,Diamond
39,36,POPLATEK MESICNE,930922,NRI account,2017-09-22,Silver
1811,40,POPLATEK MESICNE,930922,Salary account,2017-09-22,Silver
3822,8,POPLATEK MESICNE,930922,NRI account,2017-09-22,Silver
1404,7,POPLATEK TYDNE,930922,Salary account,2017-09-22,Diamond
517,76,POPLATEK MESICNE,930922,Salary account,2017-09-22,Silver
1440,55,POPLATEK MESICNE,930922,NRI account,2017-09-22,Silver
854,62,POPLATEK MESICNE,930921,Savings account,2017-09-21,Silver
1831,1,POPLATEK MESICNE,930921,Salary account,2017-09-21,Silver
3268,21,POPLATEK MESICNE,930920,Savings account,2017-09-20,Silver
1602,33,POPLATEK MESICNE,930919,Salary account,2017-09-19,Silver
2958,48,POPLATEK MESICNE,930919,Salary account,2017-09-19,Silver
3408,62,POPLATEK MESICNE,930919,NRI account,2017-09-19,Silver
153,77,POPLATEK MESICNE,930919,NRI account,2017-09-19,Silver
8489,19,POPLATEK MESICNE,930918,Salary account,2017-09-18,Silver
837,46,POPLATEK MESICNE,930918,Salary account,2017-09-18,Silver
8759,1,POPLATEK MESICNE,930918,NRI account,2017-09-18,Silver
34,67,POPLATEK TYDNE,930917,Savings account,2017-09-17,Diamond
7133,1,POPLATEK MESICNE,930917,Salary account,2017-09-17,Silver
699,1,POPLATEK MESICNE,930917,Salary account,2017-09-17,Silver
2282,29,POPLATEK TYDNE,930917,NRI account,2017-09-17,Diamond
2987,18,POPLATEK MESICNE,930916,NRI account,2017-09-16,Silver
857,77,POPLATEK MESICNE,930916,Salary account,2017-09-16,Silver
3042,10,POPLATEK MESICNE,930916,Salary account,2017-09-16,Silver
2695,16,POPLATEK MESICNE,930916,Savings account,2017-09-16,Silver
2849,1,POPLATEK MESICNE,930916,Savings account,2017-09-16,Silver
2802,1,POPLATEK MESICNE,930916,NRI account,2017-09-16,Silver
2671,1,POPLATEK MESICNE,930915,Salary account,2017-09-15,Silver
1705,70,POPLATEK MESICNE,930915,Salary account,2017-09-15,Silver
3028,27,POPLATEK MESICNE,930915,Salary account,2017-09-15,Silver
3310,25,POPLATEK MESICNE,930915,Savings account,2017-09-15,Silver
6715,48,POPLATEK TYDNE,930915,Salary account,2017-09-15,Diamond
3255,1,POPLATEK MESICNE,930915,Salary account,2017-09-15,Silver
3751,9,POPLATEK MESICNE,930915,NRI account,2017-09-15,Silver
7774,74,POPLATEK PO OBRATU,930914,Salary account,2017-09-14,Gold
1547,72,POPLATEK MESICNE,930914,NRI account,2017-09-14,Silver
1079,74,POPLATEK MESICNE,930914,Savings account,2017-09-14,Silver
3863,15,POPLATEK MESICNE,930914,Salary account,2017-09-14,Silver
3480,58,POPLATEK MESICNE,930914,Savings account,2017-09-14,Silver
10940,50,POPLATEK MESICNE,930913,NRI account,2017-09-13,Silver
9337,30,POPLATEK MESICNE,930913,Salary account,2017-09-13,Silver
861,22,POPLATEK MESICNE,930913,NRI account,2017-09-13,Silver
10440,72,POPLATEK MESICNE,930913,Savings account,2017-09-13,Silver
10036,1,POPLATEK MESICNE,930913,Savings account,2017-09-13,Silver
1234,6,POPLATEK MESICNE,930913,Salary account,2017-09-13,Silver
1146,67,POPLATEK MESICNE,930912,Savings account,2017-09-12,Silver
8564,68,POPLATEK MESICNE,930912,Salary account,2017-09-12,Silver
750,73,POPLATEK MESICNE,930912,Salary account,2017-09-12,Silver
2150,37,POPLATEK MESICNE,930912,Salary account,2017-09-12,Silver
1410,74,POPLATEK MESICNE,930911,Salary account,2017-09-11,Silver
1487,66,POPLATEK MESICNE,930910,Savings account,2017-09-10,Silver
3157,77,POPLATEK MESICNE,930910,Salary account,2017-09-10,Silver
4414,24,POPLATEK MESICNE,930910,Salary account,2017-09-10,Silver
2302,24,POPLATEK MESICNE,930910,Salary account,2017-09-10,Silver
2907,70,POPLATEK MESICNE,930909,Salary account,2017-09-09,Silver
1091,16,POPLATEK MESICNE,930909,NRI account,2017-09-09,Silver
6930,41,POPLATEK MESICNE,930908,Savings account,2017-09-08,Silver
1107,42,POPLATEK MESICNE,930908,Savings account,2017-09-08,Silver
8475,4,POPLATEK MESICNE,930908,NRI account,2017-09-08,Silver
3575,7,POPLATEK MESICNE,930908,NRI account,2017-09-08,Silver
2691,69,POPLATEK MESICNE,930908,NRI account,2017-09-08,Silver
3323,13,POPLATEK MESICNE,930908,NRI account,2017-09-08,Silver
2428,72,POPLATEK MESICNE,930908,Salary account,2017-09-08,Silver
2649,2,POPLATEK MESICNE,930908,Salary account,2017-09-08,Silver
1689,55,POPLATEK MESICNE,930907,NRI account,2017-09-07,Silver
1197,68,POPLATEK MESICNE,930907,Salary account,2017-09-07,Silver
5952,50,POPLATEK MESICNE,930907,Savings account,2017-09-07,Silver
151,76,POPLATEK MESICNE,930906,Salary account,2017-09-06,Silver
1719,1,POPLATEK MESICNE,930906,Savings account,2017-09-06,Silver
3456,32,POPLATEK MESICNE,930906,NRI account,2017-09-06,Silver
2951,44,POPLATEK MESICNE,930906,Savings account,2017-09-06,Silver
7190,49,POPLATEK MESICNE,930906,NRI account,2017-09-06,Silver
1827,10,POPLATEK MESICNE,930906,Savings account,2017-09-06,Silver
7607,1,POPLATEK MESICNE,930905,Savings account,2017-09-05,Silver
117,31,POPLATEK MESICNE,930905,Savings account,2017-09-05,Silver
3509,2,POPLATEK MESICNE,930905,Savings account,2017-09-05,Silver
2020,13,POPLATEK MESICNE,930904,NRI account,2017-09-04,Silver
160,23,POPLATEK MESICNE,930904,Salary account,2017-09-04,Silver
8073,24,POPLATEK PO OBRATU,930903,Salary account,2017-09-03,Gold
4463,67,POPLATEK MESICNE,930903,Salary account,2017-09-03,Silver
2082,36,POPLATEK MESICNE,930903,Salary account,2017-09-03,Silver
146,4,POPLATEK MESICNE,930902,NRI account,2017-09-02,Silver
2576,1,POPLATEK MESICNE,930902,NRI account,2017-09-02,Silver
3195,40,POPLATEK MESICNE,930902,Savings account,2017-09-02,Silver
3920,74,POPLATEK MESICNE,930901,Savings account,2017-09-01,Silver
3011,64,POPLATEK MESICNE,930901,Salary account,2017-09-01,Silver
1337,23,POPLATEK MESICNE,930901,NRI account,2017-09-01,Silver
2592,69,POPLATEK MESICNE,930901,Salary account,2017-09-01,Silver
172,13,POPLATEK MESICNE,930830,Savings account,2017-08-30,Silver
1694,6,POPLATEK TYDNE,930829,NRI account,2017-08-29,Diamond
721,76,POPLATEK MESICNE,930829,NRI account,2017-08-29,Silver
1106,20,POPLATEK TYDNE,930829,Savings account,2017-08-29,Diamond
3319,56,POPLATEK MESICNE,930829,NRI account,2017-08-29,Silver
10451,1,POPLATEK MESICNE,930829,Salary account,2017-08-29,Silver
2894,17,POPLATEK MESICNE,930828,NRI account,2017-08-28,Silver
2510,61,POPLATEK MESICNE,930828,Savings account,2017-08-28,Silver
389,30,POPLATEK MESICNE,930828,Salary account,2017-08-28,Silver
6051,56,POPLATEK MESICNE,930828,NRI account,2017-08-28,Silver
730,4,POPLATEK MESICNE,930828,Salary account,2017-08-28,Silver
1449,35,POPLATEK MESICNE,930826,Salary account,2017-08-26,Silver
950,49,POPLATEK MESICNE,930826,NRI account,2017-08-26,Silver
3361,45,POPLATEK MESICNE,930826,Salary account,2017-08-26,Silver
3837,48,POPLATEK PO OBRATU,930826,Salary account,2017-08-26,Gold
33,22,POPLATEK MESICNE,930826,Salary account,2017-08-26,Silver
162,60,POPLATEK MESICNE,930825,NRI account,2017-08-25,Silver
5011,31,POPLATEK MESICNE,930825,NRI account,2017-08-25,Silver
965,20,POPLATEK MESICNE,930825,Savings account,2017-08-25,Silver
1305,57,POPLATEK MESICNE,930825,Savings account,2017-08-25,Silver
815,56,POPLATEK MESICNE,930825,NRI account,2017-08-25,Silver
6030,47,POPLATEK MESICNE,930824,NRI account,2017-08-24,Silver
3407,28,POPLATEK MESICNE,930824,NRI account,2017-08-24,Silver
1761,24,POPLATEK MESICNE,930824,NRI account,2017-08-24,Silver
3306,75,POPLATEK MESICNE,930824,Salary account,2017-08-24,Silver
1513,30,POPLATEK MESICNE,930823,Salary account,2017-08-23,Silver
3053,11,POPLATEK MESICNE,930823,NRI account,2017-08-23,Silver
1057,13,POPLATEK MESICNE,930823,NRI account,2017-08-23,Silver
3477,71,POPLATEK MESICNE,930822,Savings account,2017-08-22,Silver
3868,43,POPLATEK MESICNE,930821,NRI account,2017-08-21,Silver
9869,12,POPLATEK MESICNE,930821,NRI account,2017-08-21,Silver
1875,44,POPLATEK MESICNE,930821,NRI account,2017-08-21,Silver
8212,52,POPLATEK PO OBRATU,930821,Salary account,2017-08-21,Gold
274,76,POPLATEK MESICNE,930820,NRI account,2017-08-20,Silver
552,14,POPLATEK MESICNE,930820,NRI account,2017-08-20,Silver
2417,44,POPLATEK MESICNE,930820,NRI account,2017-08-20,Silver
978,73,POPLATEK MESICNE,930818,Salary account,2017-08-18,Silver
2771,37,POPLATEK MESICNE,930818,Savings account,2017-08-18,Silver
3891,1,POPLATEK MESICNE,930818,Savings account,2017-08-18,Silver
9236,11,POPLATEK MESICNE,930818,NRI account,2017-08-18,Silver
3221,5,POPLATEK MESICNE,930817,NRI account,2017-08-17,Silver
2616,1,POPLATEK MESICNE,930817,Salary account,2017-08-17,Silver
2137,4,POPLATEK PO OBRATU,930817,Savings account,2017-08-17,Gold
3113,67,POPLATEK MESICNE,930816,NRI account,2017-08-16,Silver
5481,52,POPLATEK MESICNE,930816,Savings account,2017-08-16,Silver
3035,15,POPLATEK TYDNE,930816,NRI account,2017-08-16,Diamond
942,9,POPLATEK MESICNE,930816,Salary account,2017-08-16,Silver
1779,33,POPLATEK MESICNE,930815,NRI account,2017-08-15,Silver
1912,64,POPLATEK MESICNE,930815,NRI account,2017-08-15,Silver
238,6,POPLATEK MESICNE,930815,Savings account,2017-08-15,Silver
3220,29,POPLATEK MESICNE,930814,Salary account,2017-08-14,Silver
1023,21,POPLATEK MESICNE,930813,Salary account,2017-08-13,Silver
3683,33,POPLATEK MESICNE,930813,Savings account,2017-08-13,Silver
1401,1,POPLATEK MESICNE,930812,Salary account,2017-08-12,Silver
541,61,POPLATEK MESICNE,930812,NRI account,2017-08-12,Silver
3792,10,POPLATEK MESICNE,930811,Salary account,2017-08-11,Silver
523,1,POPLATEK MESICNE,930811,NRI account,2017-08-11,Silver
3808,38,POPLATEK MESICNE,930811,Savings account,2017-08-11,Silver
3166,71,POPLATEK MESICNE,930810,Salary account,2017-08-10,Silver
11021,1,POPLATEK MESICNE,930810,Salary account,2017-08-10,Silver
1701,1,POPLATEK MESICNE,930810,Savings account,2017-08-10,Silver
3613,43,POPLATEK MESICNE,930810,Salary account,2017-08-10,Silver
3600,27,POPLATEK MESICNE,930810,Savings account,2017-08-10,Silver
3850,8,POPLATEK MESICNE,930809,Salary account,2017-08-09,Silver
5366,70,POPLATEK MESICNE,930809,Savings account,2017-08-09,Silver
747,39,POPLATEK MESICNE,930809,NRI account,2017-08-09,Silver
26,52,POPLATEK MESICNE,930808,Savings account,2017-08-08,Silver
657,47,POPLATEK MESICNE,930808,Salary account,2017-08-08,Silver
3538,58,POPLATEK MESICNE,930808,Salary account,2017-08-08,Silver
2167,16,POPLATEK MESICNE,930808,Salary account,2017-08-08,Silver
3127,66,POPLATEK MESICNE,930808,NRI account,2017-08-08,Silver
47,45,POPLATEK MESICNE,930808,NRI account,2017-08-08,Silver
2542,21,POPLATEK MESICNE,930807,NRI account,2017-08-07,Silver
1136,12,POPLATEK MESICNE,930807,Savings account,2017-08-07,Silver
1589,37,POPLATEK MESICNE,930807,NRI account,2017-08-07,Silver
3136,69,POPLATEK MESICNE,930807,Savings account,2017-08-07,Silver
3547,54,POPLATEK MESICNE,930807,NRI account,2017-08-07,Silver
3656,53,POPLATEK MESICNE,930806,Savings account,2017-08-06,Silver
2038,42,POPLATEK MESICNE,930806,Salary account,2017-08-06,Silver
3699,50,POPLATEK MESICNE,930805,NRI account,2017-08-05,Silver
816,52,POPLATEK MESICNE,930805,Salary account,2017-08-05,Silver
7857,75,POPLATEK MESICNE,930804,Savings account,2017-08-04,Silver
6636,72,POPLATEK TYDNE,930804,Savings account,2017-08-04,Diamond
601,29,POPLATEK MESICNE,930804,Savings account,2017-08-04,Silver
3298,29,POPLATEK MESICNE,930804,Salary account,2017-08-04,Silver
2938,1,POPLATEK MESICNE,930804,Savings account,2017-08-04,Silver
2199,1,POPLATEK MESICNE,930804,Salary account,2017-08-04,Silver
3745,5,POPLATEK MESICNE,930804,NRI account,2017-08-04,Silver
9041,1,POPLATEK MESICNE,930803,Savings account,2017-08-03,Silver
2620,22,POPLATEK MESICNE,930803,Salary account,2017-08-03,Silver
3609,28,POPLATEK MESICNE,930803,Savings account,2017-08-03,Silver
1382,48,POPLATEK MESICNE,930803,Savings account,2017-08-03,Silver
930,41,POPLATEK MESICNE,930803,Salary account,2017-08-03,Silver
1925,12,POPLATEK MESICNE,930803,NRI account,2017-08-03,Silver
1834,62,POPLATEK MESICNE,930803,Salary account,2017-08-03,Silver
1507,35,POPLATEK MESICNE,930803,NRI account,2017-08-03,Silver
4000,7,POPLATEK MESICNE,930802,Savings account,2017-08-02,Silver
3580,43,POPLATEK MESICNE,930801,NRI account,2017-08-01,Silver
7819,38,POPLATEK MESICNE,930801,Salary account,2017-08-01,Silver
759,23,POPLATEK MESICNE,930801,Salary account,2017-08-01,Silver
6363,74,POPLATEK MESICNE,930801,NRI account,2017-08-01,Silver
3738,51,POPLATEK MESICNE,930801,NRI account,2017-08-01,Silver
3720,36,POPLATEK MESICNE,930730,Savings account,2017-07-30,Silver
574,70,POPLATEK MESICNE,930730,NRI account,2017-07-30,Silver
1429,57,POPLATEK MESICNE,930730,Salary account,2017-07-30,Silver
403,1,POPLATEK MESICNE,930729,NRI account,2017-07-29,Silver
445,63,POPLATEK TYDNE,930729,NRI account,2017-07-29,Diamond
186,1,POPLATEK TYDNE,930729,NRI account,2017-07-29,Diamond
7485,39,POPLATEK MESICNE,930728,NRI account,2017-07-28,Silver
2088,4,POPLATEK MESICNE,930728,Savings account,2017-07-28,Silver
225,1,POPLATEK MESICNE,930728,Savings account,2017-07-28,Silver
1630,72,POPLATEK MESICNE,930728,NRI account,2017-07-28,Silver
3982,26,POPLATEK MESICNE,930727,Savings account,2017-07-27,Silver
2701,71,POPLATEK MESICNE,930727,Savings account,2017-07-27,Silver
3629,48,POPLATEK MESICNE,930727,Salary account,2017-07-27,Silver
2841,71,POPLATEK MESICNE,930727,NRI account,2017-07-27,Silver
563,53,POPLATEK MESICNE,930727,Savings account,2017-07-27,Silver
2732,5,POPLATEK MESICNE,930727,Savings account,2017-07-27,Silver
1297,70,POPLATEK MESICNE,930727,Salary account,2017-07-27,Silver
3287,18,POPLATEK MESICNE,930726,NRI account,2017-07-26,Silver
6226,74,POPLATEK TYDNE,930726,NRI account,2017-07-26,Diamond
2123,64,POPLATEK MESICNE,930726,Salary account,2017-07-26,Silver
207,2,POPLATEK MESICNE,930725,NRI account,2017-07-25,Silver
3212,70,POPLATEK MESICNE,930725,Salary account,2017-07-25,Silver
4035,1,POPLATEK MESICNE,930725,NRI account,2017-07-25,Silver
1268,74,POPLATEK MESICNE,930725,Salary account,2017-07-25,Silver
9833,20,POPLATEK MESICNE,930724,Salary account,2017-07-24,Silver
2253,74,POPLATEK MESICNE,930724,Savings account,2017-07-24,Silver
1069,70,POPLATEK MESICNE,930724,NRI account,2017-07-24,Silver
1201,61,POPLATEK MESICNE,930723,Savings account,2017-07-23,Silver
4478,70,POPLATEK MESICNE,930723,Savings account,2017-07-23,Silver
2915,57,POPLATEK MESICNE,930723,Savings account,2017-07-23,Silver
2513,70,POPLATEK MESICNE,930722,Salary account,2017-07-22,Silver
3493,63,POPLATEK MESICNE,930722,Salary account,2017-07-22,Silver
3267,64,POPLATEK MESICNE,930721,Savings account,2017-07-21,Silver
3222,4,POPLATEK MESICNE,930721,Savings account,2017-07-21,Silver
408,41,POPLATEK MESICNE,930721,Savings account,2017-07-21,Silver
2818,40,POPLATEK MESICNE,930721,Savings account,2017-07-21,Silver
6273,38,POPLATEK MESICNE,930721,Salary account,2017-07-21,Silver
1116,1,POPLATEK MESICNE,930720,Savings account,2017-07-20,Silver
5700,42,POPLATEK MESICNE,930720,Salary account,2017-07-20,Silver
757,50,POPLATEK MESICNE,930719,NRI account,2017-07-19,Silver
400,28,POPLATEK MESICNE,930717,NRI account,2017-07-17,Silver
1902,50,POPLATEK TYDNE,930717,Salary account,2017-07-17,Diamond
3241,44,POPLATEK MESICNE,930716,Savings account,2017-07-16,Silver
3465,1,POPLATEK MESICNE,930716,Savings account,2017-07-16,Silver
3152,1,POPLATEK MESICNE,930716,Savings account,2017-07-16,Silver
1497,1,POPLATEK MESICNE,930716,NRI account,2017-07-16,Silver
3078,1,POPLATEK MESICNE,930716,Salary account,2017-07-16,Silver
9703,68,POPLATEK MESICNE,930715,Savings account,2017-07-15,Silver
234,73,POPLATEK MESICNE,930715,NRI account,2017-07-15,Silver
3000,28,POPLATEK MESICNE,930714,Salary account,2017-07-14,Silver
3955,64,POPLATEK MESICNE,930714,NRI account,2017-07-14,Silver
1544,69,POPLATEK MESICNE,930714,NRI account,2017-07-14,Silver
1892,28,POPLATEK MESICNE,930713,Salary account,2017-07-13,Silver
3413,70,POPLATEK MESICNE,930713,NRI account,2017-07-13,Silver
3654,47,POPLATEK MESICNE,930713,Salary account,2017-07-13,Silver
1416,66,POPLATEK TYDNE,930712,Salary account,2017-07-12,Diamond
3277,36,POPLATEK MESICNE,930712,Salary account,2017-07-12,Silver
2213,68,POPLATEK MESICNE,930711,Savings account,2017-07-11,Silver
1062,6,POPLATEK MESICNE,930711,Salary account,2017-07-11,Silver
273,24,POPLATEK PO OBRATU,930711,NRI account,2017-07-11,Gold
10320,68,POPLATEK MESICNE,930711,Savings account,2017-07-11,Silver
1684,32,POPLATEK TYDNE,930710,NRI account,2017-07-10,Diamond
3748,1,POPLATEK MESICNE,930710,Savings account,2017-07-10,Silver
3882,10,POPLATEK MESICNE,930709,NRI account,2017-07-09,Silver
4159,74,POPLATEK MESICNE,930709,Savings account,2017-07-09,Silver
907,41,POPLATEK MESICNE,930709,Savings account,2017-07-09,Silver
1411,54,POPLATEK MESICNE,930709,Salary account,2017-07-09,Silver
3939,70,POPLATEK MESICNE,930708,Salary account,2017-07-08,Silver
2584,50,POPLATEK MESICNE,930708,NRI account,2017-07-08,Silver
2336,39,POPLATEK MESICNE,930708,Savings account,2017-07-08,Silver
2078,62,POPLATEK MESICNE,930708,Salary account,2017-07-08,Silver
8027,44,POPLATEK TYDNE,930707,Salary account,2017-07-07,Diamond
3261,1,POPLATEK MESICNE,930707,Savings account,2017-07-07,Silver
35,75,POPLATEK MESICNE,930707,Savings account,2017-07-07,Silver
2186,63,POPLATEK MESICNE,930707,Salary account,2017-07-07,Silver
1566,73,POPLATEK MESICNE,930707,Savings account,2017-07-07,Silver
78,74,POPLATEK MESICNE,930707,NRI account,2017-07-07,Silver
9472,1,POPLATEK TYDNE,930706,Savings account,2017-07-06,Diamond
368,77,POPLATEK MESICNE,930706,Salary account,2017-07-06,Silver
1425,76,POPLATEK MESICNE,930706,Savings account,2017-07-06,Silver
4352,2,POPLATEK MESICNE,930705,NRI account,2017-07-05,Silver
1322,17,POPLATEK MESICNE,930705,Salary account,2017-07-05,Silver
1852,35,POPLATEK MESICNE,930705,Salary account,2017-07-05,Silver
8173,11,POPLATEK MESICNE,930705,Salary account,2017-07-05,Silver
2705,63,POPLATEK PO OBRATU,930705,Salary account,2017-07-05,Gold
381,68,POPLATEK MESICNE,930704,NRI account,2017-07-04,Silver
3778,52,POPLATEK MESICNE,930704,Savings account,2017-07-04,Silver
1118,48,POPLATEK MESICNE,930704,Salary account,2017-07-04,Silver
1145,31,POPLATEK MESICNE,930703,Savings account,2017-07-03,Silver
2298,31,POPLATEK MESICNE,930703,NRI account,2017-07-03,Silver
929,54,POPLATEK MESICNE,930703,Savings account,2017-07-03,Silver
1861,54,POPLATEK MESICNE,930702,Salary account,2017-07-02,Silver
2464,33,POPLATEK PO OBRATU,930702,NRI account,2017-07-02,Gold
2736,72,POPLATEK MESICNE,930702,Savings account,2017-07-02,Silver
2552,52,POPLATEK MESICNE,930701,Salary account,2017-07-01,Silver
3435,59,POPLATEK MESICNE,930701,Savings account,2017-07-01,Silver
5215,55,POPLATEK MESICNE,930701,Savings account,2017-07-01,Silver
36,1,POPLATEK MESICNE,930701,Salary account,2017-07-01,Silver
2687,76,POPLATEK MESICNE,930701,NRI account,2017-07-01,Silver
902,74,POPLATEK MESICNE,930629,NRI account,2017-06-29,Silver
630,71,POPLATEK MESICNE,930629,Salary account,2017-06-29,Silver
3096,68,POPLATEK MESICNE,930629,Salary account,2017-06-29,Silver
9034,1,POPLATEK MESICNE,930628,Savings account,2017-06-28,Silver
1930,3,POPLATEK MESICNE,930627,Savings account,2017-06-27,Silver
2411,69,POPLATEK MESICNE,930627,NRI account,2017-06-27,Silver
3775,19,POPLATEK MESICNE,930627,Salary account,2017-06-27,Silver
2697,8,POPLATEK MESICNE,930626,Savings account,2017-06-26,Silver
8129,45,POPLATEK MESICNE,930626,Savings account,2017-06-26,Silver
3954,22,POPLATEK MESICNE,930625,Salary account,2017-06-25,Silver
885,1,POPLATEK MESICNE,930625,Savings account,2017-06-25,Silver
1451,64,POPLATEK MESICNE,930624,Savings account,2017-06-24,Silver
2940,54,POPLATEK MESICNE,930624,NRI account,2017-06-24,Silver
1837,23,POPLATEK MESICNE,930624,NRI account,2017-06-24,Silver
886,1,POPLATEK MESICNE,930623,Salary account,2017-06-23,Silver
5228,77,POPLATEK PO OBRATU,930623,Savings account,2017-06-23,Gold
702,12,POPLATEK MESICNE,930623,Savings account,2017-06-23,Silver
300,1,POPLATEK MESICNE,930623,NRI account,2017-06-23,Silver
3521,75,POPLATEK MESICNE,930622,Savings account,2017-06-22,Silver
3786,21,POPLATEK MESICNE,930622,NRI account,2017-06-22,Silver
5120,1,POPLATEK MESICNE,930621,Salary account,2017-06-21,Silver
738,34,POPLATEK MESICNE,930621,Salary account,2017-06-21,Silver
1299,1,POPLATEK MESICNE,930621,Salary account,2017-06-21,Silver
148,8,POPLATEK MESICNE,930621,NRI account,2017-06-21,Silver
899,72,POPLATEK MESICNE,930621,Savings account,2017-06-21,Silver
4894,14,POPLATEK MESICNE,930620,NRI account,2017-06-20,Silver
3969,39,POPLATEK MESICNE,930620,NRI account,2017-06-20,Silver
1277,31,POPLATEK MESICNE,930620,Salary account,2017-06-20,Silver
773,15,POPLATEK MESICNE,930619,Savings account,2017-06-19,Silver
2554,36,POPLATEK MESICNE,930618,Salary account,2017-06-18,Silver
2933,10,POPLATEK MESICNE,930618,Salary account,2017-06-18,Silver
1998,1,POPLATEK MESICNE,930617,NRI account,2017-06-17,Silver
9093,47,POPLATEK MESICNE,930616,Salary account,2017-06-16,Silver
432,46,POPLATEK MESICNE,930616,NRI account,2017-06-16,Silver
2880,71,POPLATEK MESICNE,930616,Salary account,2017-06-16,Silver
5767,72,POPLATEK MESICNE,930616,Savings account,2017-06-16,Silver
2779,73,POPLATEK MESICNE,930615,Savings account,2017-06-15,Silver
135,75,POPLATEK MESICNE,930615,Savings account,2017-06-15,Silver
446,50,POPLATEK MESICNE,930615,NRI account,2017-06-15,Silver
3246,54,POPLATEK MESICNE,930614,NRI account,2017-06-14,Silver
1475,1,POPLATEK TYDNE,930614,NRI account,2017-06-14,Diamond
3133,66,POPLATEK MESICNE,930614,Salary account,2017-06-14,Silver
4171,28,POPLATEK MESICNE,930612,Savings account,2017-06-12,Silver
433,20,POPLATEK MESICNE,930612,Savings account,2017-06-12,Silver
1373,47,POPLATEK MESICNE,930612,Salary account,2017-06-12,Silver
3771,22,POPLATEK MESICNE,930611,Salary account,2017-06-11,Silver
1978,57,POPLATEK TYDNE,930611,Salary account,2017-06-11,Diamond
2022,72,POPLATEK MESICNE,930611,NRI account,2017-06-11,Silver
3542,49,POPLATEK MESICNE,930611,Savings account,2017-06-11,Silver
1515,11,POPLATEK MESICNE,930611,Savings account,2017-06-11,Silver
10266,54,POPLATEK MESICNE,930610,NRI account,2017-06-10,Silver
1990,1,POPLATEK MESICNE,930609,Salary account,2017-06-09,Silver
2388,30,POPLATEK MESICNE,930609,Salary account,2017-06-09,Silver
3566,21,POPLATEK MESICNE,930609,Salary account,2017-06-09,Silver
701,69,POPLATEK MESICNE,930608,Salary account,2017-06-08,Silver
6281,56,POPLATEK MESICNE,930608,Savings account,2017-06-08,Silver
306,16,POPLATEK MESICNE,930608,Salary account,2017-06-08,Silver
1207,67,POPLATEK MESICNE,930608,Savings account,2017-06-08,Silver
1247,25,POPLATEK MESICNE,930608,NRI account,2017-06-08,Silver
5343,64,POPLATEK MESICNE,930608,Savings account,2017-06-08,Silver
5129,68,POPLATEK MESICNE,930608,Savings account,2017-06-08,Silver
3713,14,POPLATEK TYDNE,930608,NRI account,2017-06-08,Diamond
2327,19,POPLATEK MESICNE,930608,Salary account,2017-06-08,Silver
774,1,POPLATEK MESICNE,930608,Savings account,2017-06-08,Silver
2741,15,POPLATEK MESICNE,930607,Savings account,2017-06-07,Silver
4427,32,POPLATEK MESICNE,930607,Salary account,2017-06-07,Silver
3682,70,POPLATEK MESICNE,930607,Salary account,2017-06-07,Silver
2862,33,POPLATEK MESICNE,930607,Salary account,2017-06-07,Silver
3032,5,POPLATEK MESICNE,930607,Savings account,2017-06-07,Silver
2176,67,POPLATEK MESICNE,930606,Savings account,2017-06-06,Silver
8934,51,POPLATEK MESICNE,930606,Savings account,2017-06-06,Silver
1999,70,POPLATEK MESICNE,930606,Salary account,2017-06-06,Silver
3072,8,POPLATEK MESICNE,930605,Salary account,2017-06-05,Silver
2146,31,POPLATEK MESICNE,930605,Salary account,2017-06-05,Silver
4576,27,POPLATEK MESICNE,930605,Savings account,2017-06-05,Silver
3258,53,POPLATEK MESICNE,930605,Savings account,2017-06-05,Silver
1285,65,POPLATEK MESICNE,930604,NRI account,2017-06-04,Silver
3670,27,POPLATEK MESICNE,930604,Salary account,2017-06-04,Silver
1743,51,POPLATEK MESICNE,930604,NRI account,2017-06-04,Silver
2534,61,POPLATEK MESICNE,930603,Salary account,2017-06-03,Silver
1018,7,POPLATEK MESICNE,930603,Savings account,2017-06-03,Silver
327,54,POPLATEK MESICNE,930602,Salary account,2017-06-02,Silver
2068,21,POPLATEK MESICNE,930602,Savings account,2017-06-02,Silver
4448,60,POPLATEK MESICNE,930602,Salary account,2017-06-02,Silver
640,32,POPLATEK MESICNE,930602,Savings account,2017-06-02,Silver
510,1,POPLATEK TYDNE,930602,Savings account,2017-06-02,Diamond
165,25,POPLATEK MESICNE,930601,NRI account,2017-06-01,Silver
1617,45,POPLATEK MESICNE,930601,NRI account,2017-06-01,Silver
2962,1,POPLATEK MESICNE,930530,NRI account,2017-05-30,Silver
2029,55,POPLATEK MESICNE,930529,Salary account,2017-05-29,Silver
10911,1,POPLATEK TYDNE,930529,NRI account,2017-05-29,Diamond
2467,33,POPLATEK MESICNE,930529,NRI account,2017-05-29,Silver
5546,43,POPLATEK MESICNE,930528,Savings account,2017-05-28,Silver
3888,39,POPLATEK MESICNE,930527,Savings account,2017-05-27,Silver
1584,30,POPLATEK MESICNE,930527,Savings account,2017-05-27,Silver
3063,72,POPLATEK MESICNE,930526,Savings account,2017-05-26,Silver
18,43,POPLATEK TYDNE,930526,Savings account,2017-05-26,Diamond
11320,44,POPLATEK MESICNE,930526,Savings account,2017-05-26,Silver
1786,1,POPLATEK MESICNE,930525,NRI account,2017-05-25,Silver
1272,40,POPLATEK TYDNE,930525,Salary account,2017-05-25,Diamond
2436,67,POPLATEK MESICNE,930525,Savings account,2017-05-25,Silver
3796,53,POPLATEK MESICNE,930525,Savings account,2017-05-25,Silver
119,27,POPLATEK MESICNE,930525,NRI account,2017-05-25,Silver
1534,1,POPLATEK MESICNE,930524,Savings account,2017-05-24,Silver
334,1,POPLATEK MESICNE,930524,NRI account,2017-05-24,Silver
1851,55,POPLATEK MESICNE,930523,Salary account,2017-05-23,Silver
3844,67,POPLATEK MESICNE,930523,NRI account,2017-05-23,Silver
1442,23,POPLATEK MESICNE,930523,NRI account,2017-05-23,Silver
3064,40,POPLATEK MESICNE,930523,Salary account,2017-05-23,Silver
3558,4,POPLATEK MESICNE,930523,NRI account,2017-05-23,Silver
23,30,POPLATEK MESICNE,930522,Savings account,2017-05-22,Silver
2645,54,POPLATEK MESICNE,930522,Savings account,2017-05-22,Silver
2991,19,POPLATEK MESICNE,930522,Savings account,2017-05-22,Silver
3469,76,POPLATEK MESICNE,930522,Salary account,2017-05-22,Silver
5385,44,POPLATEK TYDNE,930521,Salary account,2017-05-21,Diamond
1652,74,POPLATEK MESICNE,930520,NRI account,2017-05-20,Silver
3099,70,POPLATEK MESICNE,930520,Savings account,2017-05-20,Silver
11111,1,POPLATEK MESICNE,930520,Salary account,2017-05-20,Silver
9591,74,POPLATEK MESICNE,930520,Savings account,2017-05-20,Silver
9828,11,POPLATEK MESICNE,930520,Savings account,2017-05-20,Silver
1180,20,POPLATEK MESICNE,930519,NRI account,2017-05-19,Silver
2758,70,POPLATEK MESICNE,930519,Savings account,2017-05-19,Silver
2711,58,POPLATEK MESICNE,930519,NRI account,2017-05-19,Silver
4225,55,POPLATEK MESICNE,930518,Salary account,2017-05-18,Silver
1412,64,POPLATEK MESICNE,930518,Salary account,2017-05-18,Silver
1937,36,POPLATEK MESICNE,930518,Salary account,2017-05-18,Silver
991,39,POPLATEK MESICNE,930518,NRI account,2017-05-18,Silver
3210,1,POPLATEK MESICNE,930517,NRI account,2017-05-17,Silver
489,16,POPLATEK MESICNE,930517,NRI account,2017-05-17,Silver
947,59,POPLATEK MESICNE,930517,NRI account,2017-05-17,Silver
3284,64,POPLATEK MESICNE,930517,NRI account,2017-05-17,Silver
1610,52,POPLATEK MESICNE,930517,Savings account,2017-05-17,Silver
863,71,POPLATEK MESICNE,930516,Salary account,2017-05-16,Silver
3181,42,POPLATEK MESICNE,930516,Salary account,2017-05-16,Silver
555,24,POPLATEK MESICNE,930515,Salary account,2017-05-15,Silver
3173,39,POPLATEK MESICNE,930515,Salary account,2017-05-15,Silver
1334,74,POPLATEK MESICNE,930514,Savings account,2017-05-14,Silver
3649,54,POPLATEK MESICNE,930514,NRI account,2017-05-14,Silver
2321,35,POPLATEK MESICNE,930513,Salary account,2017-05-13,Silver
1782,8,POPLATEK MESICNE,930512,Salary account,2017-05-12,Silver
751,3,POPLATEK MESICNE,930512,Salary account,2017-05-12,Silver
2061,24,POPLATEK MESICNE,930512,Savings account,2017-05-12,Silver
8261,13,POPLATEK MESICNE,930512,Salary account,2017-05-12,Silver
2410,54,POPLATEK MESICNE,930511,Salary account,2017-05-11,Silver
2523,10,POPLATEK MESICNE,930511,Salary account,2017-05-11,Silver
790,54,POPLATEK MESICNE,930511,NRI account,2017-05-11,Silver
2583,62,POPLATEK MESICNE,930511,NRI account,2017-05-11,Silver
1658,73,POPLATEK MESICNE,930510,Salary account,2017-05-10,Silver
44,32,POPLATEK MESICNE,930510,NRI account,2017-05-10,Silver
1039,70,POPLATEK TYDNE,930510,Savings account,2017-05-10,Diamond
1071,68,POPLATEK TYDNE,930510,Savings account,2017-05-10,Diamond
1603,1,POPLATEK MESICNE,930509,Salary account,2017-05-09,Silver
1887,68,POPLATEK MESICNE,930509,Salary account,2017-05-09,Silver
1644,1,POPLATEK MESICNE,930509,NRI account,2017-05-09,Silver
1161,66,POPLATEK MESICNE,930508,Savings account,2017-05-08,Silver
5372,48,POPLATEK MESICNE,930508,Savings account,2017-05-08,Silver
3050,60,POPLATEK MESICNE,930508,NRI account,2017-05-08,Silver
1784,59,POPLATEK MESICNE,930508,Savings account,2017-05-08,Silver
551,77,POPLATEK MESICNE,930507,Salary account,2017-05-07,Silver
1200,33,POPLATEK MESICNE,930507,Salary account,2017-05-07,Silver
3316,28,POPLATEK MESICNE,930506,Savings account,2017-05-06,Silver
2037,20,POPLATEK MESICNE,930506,Savings account,2017-05-06,Silver
10079,62,POPLATEK MESICNE,930506,Savings account,2017-05-06,Silver
3999,35,POPLATEK MESICNE,930506,NRI account,2017-05-06,Silver
10656,8,POPLATEK MESICNE,930505,Salary account,2017-05-05,Silver
887,1,POPLATEK MESICNE,930505,Salary account,2017-05-05,Silver
4743,64,POPLATEK MESICNE,930505,Salary account,2017-05-05,Silver
1048,35,POPLATEK MESICNE,930505,Savings account,2017-05-05,Silver
1671,6,POPLATEK MESICNE,930505,NRI account,2017-05-05,Silver
1236,19,POPLATEK MESICNE,930505,Savings account,2017-05-05,Silver
1822,30,POPLATEK MESICNE,930505,NRI account,2017-05-05,Silver
5472,1,POPLATEK MESICNE,930504,NRI account,2017-05-04,Silver
2932,72,POPLATEK MESICNE,930504,Savings account,2017-05-04,Silver
4254,70,POPLATEK MESICNE,930504,Salary account,2017-05-04,Silver
3965,31,POPLATEK MESICNE,930504,NRI account,2017-05-04,Silver
2609,73,POPLATEK MESICNE,930503,Salary account,2017-05-03,Silver
2641,7,POPLATEK MESICNE,930502,NRI account,2017-05-02,Silver
5423,15,POPLATEK MESICNE,930502,Salary account,2017-05-02,Silver
2222,47,POPLATEK MESICNE,930501,Savings account,2017-05-01,Silver
3697,45,POPLATEK MESICNE,930429,NRI account,2017-04-29,Silver
5313,40,POPLATEK MESICNE,930429,Salary account,2017-04-29,Silver
10105,55,POPLATEK MESICNE,930428,NRI account,2017-04-28,Silver
1392,60,POPLATEK MESICNE,930428,Savings account,2017-04-28,Silver
168,31,POPLATEK MESICNE,930427,Savings account,2017-04-27,Silver
2175,1,POPLATEK MESICNE,930427,NRI account,2017-04-27,Silver
1476,61,POPLATEK MESICNE,930426,Savings account,2017-04-26,Silver
897,38,POPLATEK MESICNE,930426,Savings account,2017-04-26,Silver
977,1,POPLATEK MESICNE,930426,Salary account,2017-04-26,Silver
2639,17,POPLATEK MESICNE,930426,Salary account,2017-04-26,Silver
1032,11,POPLATEK MESICNE,930426,NRI account,2017-04-26,Silver
928,20,POPLATEK MESICNE,930426,Savings account,2017-04-26,Silver
2814,72,POPLATEK MESICNE,930425,Savings account,2017-04-25,Silver
3068,59,POPLATEK MESICNE,930425,Savings account,2017-04-25,Silver
4377,28,POPLATEK MESICNE,930424,Savings account,2017-04-24,Silver
717,75,POPLATEK MESICNE,930424,Savings account,2017-04-24,Silver
9707,70,POPLATEK MESICNE,930424,NRI account,2017-04-24,Silver
1505,69,POPLATEK MESICNE,930423,Savings account,2017-04-23,Silver
6897,48,POPLATEK MESICNE,930423,Savings account,2017-04-23,Silver
2189,75,POPLATEK MESICNE,930422,NRI account,2017-04-22,Silver
6040,1,POPLATEK MESICNE,930422,NRI account,2017-04-22,Silver
2876,52,POPLATEK MESICNE,930422,Salary account,2017-04-22,Silver
1166,11,POPLATEK MESICNE,930421,Savings account,2017-04-21,Silver
504,73,POPLATEK MESICNE,930421,Savings account,2017-04-21,Silver
1518,67,POPLATEK MESICNE,930421,NRI account,2017-04-21,Silver
188,54,POPLATEK MESICNE,930420,Savings account,2017-04-20,Silver
10973,18,POPLATEK TYDNE,930420,NRI account,2017-04-20,Diamond
2599,48,POPLATEK MESICNE,930420,NRI account,2017-04-20,Silver
1773,33,POPLATEK MESICNE,930419,NRI account,2017-04-19,Silver
7454,4,POPLATEK MESICNE,930419,Savings account,2017-04-19,Silver
2823,57,POPLATEK MESICNE,930418,Savings account,2017-04-18,Silver
4321,47,POPLATEK MESICNE,930418,Salary account,2017-04-18,Silver
8132,5,POPLATEK TYDNE,930417,Savings account,2017-04-17,Diamond
10738,45,POPLATEK TYDNE,930417,Salary account,2017-04-17,Diamond
2216,74,POPLATEK MESICNE,930417,Savings account,2017-04-17,Silver
1815,66,POPLATEK MESICNE,930417,NRI account,2017-04-17,Silver
83,26,POPLATEK MESICNE,930416,Savings account,2017-04-16,Silver
2008,52,POPLATEK MESICNE,930416,NRI account,2017-04-16,Silver
3327,45,POPLATEK MESICNE,930416,Salary account,2017-04-16,Silver
5740,43,POPLATEK MESICNE,930416,NRI account,2017-04-16,Silver
104,37,POPLATEK MESICNE,930415,Salary account,2017-04-15,Silver
497,55,POPLATEK MESICNE,930415,Savings account,2017-04-15,Silver
1152,45,POPLATEK MESICNE,930415,NRI account,2017-04-15,Silver
5428,24,POPLATEK MESICNE,930414,Savings account,2017-04-14,Silver
7123,64,POPLATEK PO OBRATU,930414,Salary account,2017-04-14,Gold
279,39,POPLATEK MESICNE,930414,NRI account,2017-04-14,Silver
2838,3,POPLATEK TYDNE,930413,NRI account,2017-04-13,Diamond
3644,38,POPLATEK MESICNE,930413,NRI account,2017-04-13,Silver
4318,33,POPLATEK TYDNE,930413,NRI account,2017-04-13,Diamond
2648,51,POPLATEK MESICNE,930413,NRI account,2017-04-13,Silver
2313,26,POPLATEK TYDNE,930413,Salary account,2017-04-13,Diamond
8321,77,POPLATEK MESICNE,930412,Salary account,2017-04-12,Silver
3213,51,POPLATEK MESICNE,930412,Salary account,2017-04-12,Silver
1147,44,POPLATEK MESICNE,930410,NRI account,2017-04-10,Silver
3788,70,POPLATEK MESICNE,930410,Savings account,2017-04-10,Silver
1891,32,POPLATEK MESICNE,930410,Salary account,2017-04-10,Silver
1239,1,POPLATEK MESICNE,930410,NRI account,2017-04-10,Silver
220,72,POPLATEK MESICNE,930409,Savings account,2017-04-09,Silver
1422,68,POPLATEK MESICNE,930409,Savings account,2017-04-09,Silver
2002,1,POPLATEK MESICNE,930408,Savings account,2017-04-08,Silver
748,10,POPLATEK MESICNE,930408,Salary account,2017-04-08,Silver
385,5,POPLATEK MESICNE,930407,NRI account,2017-04-07,Silver
2817,56,POPLATEK MESICNE,930407,Savings account,2017-04-07,Silver
2056,58,POPLATEK MESICNE,930407,Salary account,2017-04-07,Silver
2488,5,POPLATEK MESICNE,930406,NRI account,2017-04-06,Silver
2985,71,POPLATEK MESICNE,930406,Salary account,2017-04-06,Silver
299,77,POPLATEK MESICNE,930405,Salary account,2017-04-05,Silver
4350,63,POPLATEK MESICNE,930404,NRI account,2017-04-04,Silver
686,41,POPLATEK MESICNE,930404,NRI account,2017-04-04,Silver
362,15,POPLATEK MESICNE,930404,Salary account,2017-04-04,Silver
3980,75,POPLATEK MESICNE,930403,NRI account,2017-04-03,Silver
8519,23,POPLATEK MESICNE,930402,Salary account,2017-04-02,Silver
1780,1,POPLATEK MESICNE,930402,Savings account,2017-04-02,Silver
3915,65,POPLATEK MESICNE,930402,Savings account,2017-04-02,Silver
1898,70,POPLATEK MESICNE,930401,Salary account,2017-04-01,Silver
3367,1,POPLATEK MESICNE,930401,Salary account,2017-04-01,Silver
3391,74,POPLATEK MESICNE,930401,Salary account,2017-04-01,Silver
2896,29,POPLATEK MESICNE,930330,Savings account,2017-03-30,Silver
2245,29,POPLATEK MESICNE,930330,NRI account,2017-03-30,Silver
3923,52,POPLATEK MESICNE,930330,Savings account,2017-03-30,Silver
6425,31,POPLATEK MESICNE,930329,Savings account,2017-03-29,Silver
2493,62,POPLATEK MESICNE,930329,NRI account,2017-03-29,Silver
62,47,POPLATEK MESICNE,930328,NRI account,2017-03-28,Silver
1771,69,POPLATEK MESICNE,930328,Salary account,2017-03-28,Silver
5483,13,POPLATEK MESICNE,930328,NRI account,2017-03-28,Silver
8330,48,POPLATEK MESICNE,930328,NRI account,2017-03-28,Silver
187,5,POPLATEK MESICNE,930328,NRI account,2017-03-28,Silver
423,12,POPLATEK MESICNE,930328,Savings account,2017-03-28,Silver
1065,72,POPLATEK MESICNE,930327,Salary account,2017-03-27,Silver
3076,54,POPLATEK MESICNE,930327,NRI account,2017-03-27,Silver
4347,1,POPLATEK MESICNE,930327,Savings account,2017-03-27,Silver
1157,7,POPLATEK MESICNE,930327,NRI account,2017-03-27,Silver
9403,1,POPLATEK TYDNE,930327,NRI account,2017-03-27,Diamond
1874,9,POPLATEK MESICNE,930327,Savings account,2017-03-27,Silver
1115,34,POPLATEK MESICNE,930327,Savings account,2017-03-27,Silver
3586,59,POPLATEK MESICNE,930327,NRI account,2017-03-27,Silver
1402,74,POPLATEK MESICNE,930326,NRI account,2017-03-26,Silver
3283,68,POPLATEK MESICNE,930326,Salary account,2017-03-26,Silver
3781,31,POPLATEK MESICNE,930326,Salary account,2017-03-26,Silver
7203,71,POPLATEK MESICNE,930326,Savings account,2017-03-26,Silver
4093,1,POPLATEK MESICNE,930325,NRI account,2017-03-25,Silver
3260,68,POPLATEK MESICNE,930325,NRI account,2017-03-25,Silver
2528,65,POPLATEK MESICNE,930325,Salary account,2017-03-25,Silver
2011,75,POPLATEK MESICNE,930325,Savings account,2017-03-25,Silver
1721,68,POPLATEK MESICNE,930325,Savings account,2017-03-25,Silver
1332,59,POPLATEK MESICNE,930325,NRI account,2017-03-25,Silver
3785,10,POPLATEK MESICNE,930324,NRI account,2017-03-24,Silver
623,1,POPLATEK MESICNE,930324,Salary account,2017-03-24,Silver
8260,31,POPLATEK MESICNE,930324,Salary account,2017-03-24,Silver
3678,1,POPLATEK MESICNE,930324,Savings account,2017-03-24,Silver
3001,1,POPLATEK MESICNE,930324,Salary account,2017-03-24,Silver
655,53,POPLATEK MESICNE,930324,Salary account,2017-03-24,Silver
5442,34,POPLATEK MESICNE,930322,Salary account,2017-03-22,Silver
1787,30,POPLATEK TYDNE,930322,Salary account,2017-03-22,Diamond
1397,17,POPLATEK MESICNE,930322,Savings account,2017-03-22,Silver
2618,60,POPLATEK MESICNE,930321,NRI account,2017-03-21,Silver
2651,2,POPLATEK MESICNE,930321,Savings account,2017-03-21,Silver
3675,64,POPLATEK MESICNE,930320,Savings account,2017-03-20,Silver
3069,66,POPLATEK MESICNE,930320,NRI account,2017-03-20,Silver
2762,19,POPLATEK MESICNE,930320,Savings account,2017-03-20,Silver
892,70,POPLATEK MESICNE,930320,Savings account,2017-03-20,Silver
1535,46,POPLATEK MESICNE,930320,Savings account,2017-03-20,Silver
2527,38,POPLATEK MESICNE,930319,Salary account,2017-03-19,Silver
425,9,POPLATEK MESICNE,930319,Salary account,2017-03-19,Silver
860,1,POPLATEK MESICNE,930319,NRI account,2017-03-19,Silver
6034,6,POPLATEK TYDNE,930319,Salary account,2017-03-19,Diamond
11065,11,POPLATEK MESICNE,930319,Savings account,2017-03-19,Silver
9883,1,POPLATEK MESICNE,930319,Savings account,2017-03-19,Silver
115,68,POPLATEK MESICNE,930319,Savings account,2017-03-19,Silver
1189,59,POPLATEK MESICNE,930319,Savings account,2017-03-19,Silver
7445,64,POPLATEK MESICNE,930318,Savings account,2017-03-18,Silver
2497,65,POPLATEK MESICNE,930316,Salary account,2017-03-16,Silver
1372,1,POPLATEK MESICNE,930316,NRI account,2017-03-16,Silver
3835,50,POPLATEK MESICNE,930316,Salary account,2017-03-16,Silver
6701,49,POPLATEK TYDNE,930315,Salary account,2017-03-15,Diamond
3883,72,POPLATEK MESICNE,930315,Savings account,2017-03-15,Silver
222,37,POPLATEK MESICNE,930315,NRI account,2017-03-15,Silver
3108,53,POPLATEK MESICNE,930314,Savings account,2017-03-14,Silver
2508,34,POPLATEK MESICNE,930314,Salary account,2017-03-14,Silver
2458,40,POPLATEK TYDNE,930314,Salary account,2017-03-14,Diamond
588,66,POPLATEK MESICNE,930314,Savings account,2017-03-14,Silver
7231,10,POPLATEK MESICNE,930314,Salary account,2017-03-14,Silver
2974,9,POPLATEK MESICNE,930313,Salary account,2017-03-13,Silver
123,21,POPLATEK MESICNE,930313,Salary account,2017-03-13,Silver
9640,1,POPLATEK MESICNE,930313,Salary account,2017-03-13,Silver
112,6,POPLATEK MESICNE,930312,Salary account,2017-03-12,Silver
3674,38,POPLATEK MESICNE,930312,Savings account,2017-03-12,Silver
2039,44,POPLATEK MESICNE,930312,NRI account,2017-03-12,Silver
2712,9,POPLATEK MESICNE,930312,Salary account,2017-03-12,Silver
395,1,POPLATEK MESICNE,930312,Savings account,2017-03-12,Silver
494,60,POPLATEK MESICNE,930311,Savings account,2017-03-11,Silver
2219,60,POPLATEK MESICNE,930311,Salary account,2017-03-11,Silver
2581,72,POPLATEK MESICNE,930311,Salary account,2017-03-11,Silver
317,76,POPLATEK MESICNE,930310,Salary account,2017-03-10,Silver
2555,53,POPLATEK MESICNE,930310,NRI account,2017-03-10,Silver
4596,74,POPLATEK MESICNE,930309,Salary account,2017-03-09,Silver
2489,72,POPLATEK MESICNE,930309,Salary account,2017-03-09,Silver
2895,19,POPLATEK MESICNE,930309,Savings account,2017-03-09,Silver
1126,56,POPLATEK MESICNE,930308,NRI account,2017-03-08,Silver
2666,49,POPLATEK MESICNE,930308,Salary account,2017-03-08,Silver
944,70,POPLATEK MESICNE,930308,Savings account,2017-03-08,Silver
1545,1,POPLATEK MESICNE,930308,Salary account,2017-03-08,Silver
2453,1,POPLATEK MESICNE,930308,NRI account,2017-03-08,Silver
3734,43,POPLATEK MESICNE,930308,Salary account,2017-03-08,Silver
3935,23,POPLATEK MESICNE,930308,NRI account,2017-03-08,Silver
396,21,POPLATEK MESICNE,930308,Salary account,2017-03-08,Silver
2694,7,POPLATEK MESICNE,930308,Savings account,2017-03-08,Silver
86,54,POPLATEK MESICNE,930307,Salary account,2017-03-07,Silver
744,42,POPLATEK MESICNE,930306,Savings account,2017-03-06,Silver
882,9,POPLATEK MESICNE,930306,Salary account,2017-03-06,Silver
2503,1,POPLATEK MESICNE,930305,NRI account,2017-03-05,Silver
559,46,POPLATEK MESICNE,930305,Savings account,2017-03-05,Silver
6555,38,POPLATEK TYDNE,930305,Savings account,2017-03-05,Diamond
1378,59,POPLATEK MESICNE,930304,NRI account,2017-03-04,Silver
415,25,POPLATEK MESICNE,930303,NRI account,2017-03-03,Silver
3513,20,POPLATEK MESICNE,930303,NRI account,2017-03-03,Silver
4134,7,POPLATEK MESICNE,930303,Savings account,2017-03-03,Silver
1077,14,POPLATEK MESICNE,930303,NRI account,2017-03-03,Silver
1713,43,POPLATEK MESICNE,930303,Savings account,2017-03-03,Silver
3302,21,POPLATEK MESICNE,930302,Savings account,2017-03-02,Silver
239,69,POPLATEK TYDNE,930301,NRI account,2017-03-01,Diamond
2486,1,POPLATEK MESICNE,930227,Salary account,2017-02-27,Silver
428,1,POPLATEK MESICNE,930227,Savings account,2017-02-27,Silver
3651,23,POPLATEK MESICNE,930227,NRI account,2017-02-27,Silver
1775,17,POPLATEK MESICNE,930227,Salary account,2017-02-27,Silver
1688,70,POPLATEK MESICNE,930227,NRI account,2017-02-27,Silver
361,51,POPLATEK MESICNE,930227,Salary account,2017-02-27,Silver
1829,43,POPLATEK MESICNE,930227,Salary account,2017-02-27,Silver
1575,1,POPLATEK MESICNE,930227,Savings account,2017-02-27,Silver
9203,70,POPLATEK MESICNE,930227,NRI account,2017-02-27,Silver
3008,72,POPLATEK MESICNE,930227,NRI account,2017-02-27,Silver
496,69,POPLATEK MESICNE,930226,NRI account,2017-02-26,Silver
2,1,POPLATEK MESICNE,930226,Salary account,2017-02-26,Silver
7401,1,POPLATEK MESICNE,930226,Savings account,2017-02-26,Silver
562,50,POPLATEK MESICNE,930225,Salary account,2017-02-25,Silver
5369,54,POPLATEK MESICNE,930225,Savings account,2017-02-25,Silver
2242,7,POPLATEK TYDNE,930225,Salary account,2017-02-25,Diamond
197,1,POPLATEK MESICNE,930225,Savings account,2017-02-25,Silver
1366,60,POPLATEK MESICNE,930224,Savings account,2017-02-24,Silver
1050,57,POPLATEK PO OBRATU,930224,Salary account,2017-02-24,Gold
3117,33,POPLATEK MESICNE,930224,Savings account,2017-02-24,Silver
1005,54,POPLATEK TYDNE,930223,Salary account,2017-02-23,Diamond
697,28,POPLATEK MESICNE,930223,Savings account,2017-02-23,Silver
925,59,POPLATEK MESICNE,930223,Salary account,2017-02-23,Silver
2110,64,POPLATEK MESICNE,930223,Savings account,2017-02-23,Silver
1678,1,POPLATEK MESICNE,930222,Savings account,2017-02-22,Silver
2396,2,POPLATEK MESICNE,930222,Salary account,2017-02-22,Silver
4355,31,POPLATEK MESICNE,930221,NRI account,2017-02-21,Silver
3168,39,POPLATEK MESICNE,930220,Savings account,2017-02-20,Silver
4937,12,POPLATEK MESICNE,930220,NRI account,2017-02-20,Silver
2124,69,POPLATEK MESICNE,930220,NRI account,2017-02-20,Silver
322,1,POPLATEK MESICNE,930220,NRI account,2017-02-20,Silver
1054,10,POPLATEK MESICNE,930219,Savings account,2017-02-19,Silver
2433,71,POPLATEK MESICNE,930219,Salary account,2017-02-19,Silver
3691,50,POPLATEK MESICNE,930219,Salary account,2017-02-19,Silver
3787,70,POPLATEK MESICNE,930219,Salary account,2017-02-19,Silver
128,2,POPLATEK MESICNE,930219,Savings account,2017-02-19,Silver
96,68,POPLATEK MESICNE,930218,NRI account,2017-02-18,Silver
461,30,POPLATEK MESICNE,930218,Salary account,2017-02-18,Silver
3593,1,POPLATEK MESICNE,930218,Savings account,2017-02-18,Silver
3026,24,POPLATEK MESICNE,930218,Savings account,2017-02-18,Silver
3545,51,POPLATEK MESICNE,930217,Salary account,2017-02-17,Silver
3047,16,POPLATEK MESICNE,930217,Savings account,2017-02-17,Silver
3374,21,POPLATEK MESICNE,930217,Savings account,2017-02-17,Silver
3424,74,POPLATEK MESICNE,930216,Savings account,2017-02-16,Silver
539,13,POPLATEK PO OBRATU,930216,Savings account,2017-02-16,Gold
979,21,POPLATEK MESICNE,930216,Salary account,2017-02-16,Silver
3554,66,POPLATEK MESICNE,930216,Savings account,2017-02-16,Silver
142,51,POPLATEK MESICNE,930215,Salary account,2017-02-15,Silver
11013,1,POPLATEK TYDNE,930214,Salary account,2017-02-14,Diamond
2423,30,POPLATEK MESICNE,930214,Savings account,2017-02-14,Silver
1801,46,POPLATEK MESICNE,930213,Salary account,2017-02-13,Silver
2543,68,POPLATEK MESICNE,930213,Savings account,2017-02-13,Silver
2293,31,POPLATEK MESICNE,930213,Salary account,2017-02-13,Silver
1944,72,POPLATEK MESICNE,930212,Salary account,2017-02-12,Silver
1966,27,POPLATEK MESICNE,930212,NRI account,2017-02-12,Silver
2763,64,POPLATEK MESICNE,930211,Savings account,2017-02-11,Silver
2342,51,POPLATEK MESICNE,930211,Savings account,2017-02-11,Silver
2861,38,POPLATEK MESICNE,930210,Salary account,2017-02-10,Silver
813,16,POPLATEK MESICNE,930210,NRI account,2017-02-10,Silver
2585,75,POPLATEK MESICNE,930210,NRI account,2017-02-10,Silver
2220,16,POPLATEK MESICNE,930210,Savings account,2017-02-10,Silver
1134,6,POPLATEK MESICNE,930209,NRI account,2017-02-09,Silver
1601,10,POPLATEK MESICNE,930209,Salary account,2017-02-09,Silver
2647,73,POPLATEK MESICNE,930208,Salary account,2017-02-08,Silver
2241,6,POPLATEK MESICNE,930208,Salary account,2017-02-08,Silver
5622,70,POPLATEK MESICNE,930208,NRI account,2017-02-08,Silver
2884,1,POPLATEK MESICNE,930208,Savings account,2017-02-08,Silver
1830,10,POPLATEK MESICNE,930208,NRI account,2017-02-08,Silver
7753,74,POPLATEK MESICNE,930208,Salary account,2017-02-08,Silver
244,24,POPLATEK MESICNE,930208,Salary account,2017-02-08,Silver
1477,1,POPLATEK MESICNE,930208,Salary account,2017-02-08,Silver
4240,50,POPLATEK MESICNE,930208,Salary account,2017-02-08,Silver
1006,6,POPLATEK MESICNE,930208,Salary account,2017-02-08,Silver
830,74,POPLATEK MESICNE,930208,Savings account,2017-02-08,Silver
9188,45,POPLATEK MESICNE,930208,Salary account,2017-02-08,Silver
1965,57,POPLATEK PO OBRATU,930208,NRI account,2017-02-08,Gold
8051,1,POPLATEK TYDNE,930207,NRI account,2017-02-07,Diamond
2429,61,POPLATEK MESICNE,930206,NRI account,2017-02-06,Silver
3960,64,POPLATEK MESICNE,930206,Salary account,2017-02-06,Silver
2256,48,POPLATEK MESICNE,930206,Savings account,2017-02-06,Silver
982,54,POPLATEK MESICNE,930205,Salary account,2017-02-05,Silver
411,70,POPLATEK MESICNE,930205,Savings account,2017-02-05,Silver
890,14,POPLATEK MESICNE,930205,NRI account,2017-02-05,Silver
627,63,POPLATEK MESICNE,930205,Salary account,2017-02-05,Silver
3983,67,POPLATEK MESICNE,930204,Salary account,2017-02-04,Silver
9265,1,POPLATEK MESICNE,930204,Savings account,2017-02-04,Silver
465,32,POPLATEK MESICNE,930204,Salary account,2017-02-04,Silver
1132,1,POPLATEK TYDNE,930203,Salary account,2017-02-03,Diamond
4484,54,POPLATEK MESICNE,930203,Savings account,2017-02-03,Silver
943,1,POPLATEK MESICNE,930203,NRI account,2017-02-03,Silver
3514,7,POPLATEK MESICNE,930203,Savings account,2017-02-03,Silver
5868,44,POPLATEK MESICNE,930202,NRI account,2017-02-02,Silver
1805,1,POPLATEK MESICNE,930202,NRI account,2017-02-02,Silver
2434,17,POPLATEK MESICNE,930202,Salary account,2017-02-02,Silver
3007,16,POPLATEK MESICNE,930202,NRI account,2017-02-02,Silver
2574,68,POPLATEK MESICNE,930202,Salary account,2017-02-02,Silver
862,64,POPLATEK TYDNE,930202,NRI account,2017-02-02,Diamond
1675,36,POPLATEK MESICNE,930201,NRI account,2017-02-01,Silver
1843,12,POPLATEK MESICNE,930130,Salary account,2017-01-30,Silver
2714,1,POPLATEK MESICNE,930130,Salary account,2017-01-30,Silver
4078,40,POPLATEK MESICNE,930130,Salary account,2017-01-30,Silver
3693,61,POPLATEK MESICNE,930129,Savings account,2017-01-29,Silver
2070,72,POPLATEK MESICNE,930129,NRI account,2017-01-29,Silver
1144,59,POPLATEK MESICNE,930128,Savings account,2017-01-28,Silver
2902,32,POPLATEK MESICNE,930128,Savings account,2017-01-28,Silver
4296,63,POPLATEK MESICNE,930128,Savings account,2017-01-28,Silver
443,64,POPLATEK MESICNE,930128,Salary account,2017-01-28,Silver
2670,13,POPLATEK MESICNE,930127,Salary account,2017-01-27,Silver
1127,27,POPLATEK MESICNE,930127,Salary account,2017-01-27,Silver
163,30,POPLATEK MESICNE,930127,NRI account,2017-01-27,Silver
2566,48,POPLATEK MESICNE,930127,Savings account,2017-01-27,Silver
9,70,POPLATEK MESICNE,930127,Salary account,2017-01-27,Silver
1750,1,POPLATEK MESICNE,930126,NRI account,2017-01-26,Silver
2023,68,POPLATEK MESICNE,930126,NRI account,2017-01-26,Silver
6473,12,POPLATEK MESICNE,930126,Salary account,2017-01-26,Silver
1649,46,POPLATEK MESICNE,930126,Savings account,2017-01-26,Silver
477,1,POPLATEK MESICNE,930125,Salary account,2017-01-25,Silver
5891,54,POPLATEK MESICNE,930125,NRI account,2017-01-25,Silver
1000,77,POPLATEK MESICNE,930125,Salary account,2017-01-25,Silver
9307,68,POPLATEK MESICNE,930124,NRI account,2017-01-24,Silver
4055,23,POPLATEK MESICNE,930124,Savings account,2017-01-24,Silver
5065,66,POPLATEK MESICNE,930124,Salary account,2017-01-24,Silver
3704,75,POPLATEK MESICNE,930124,NRI account,2017-01-24,Silver
1179,74,POPLATEK MESICNE,930123,NRI account,2017-01-23,Silver
280,25,POPLATEK MESICNE,930123,NRI account,2017-01-23,Silver
2425,41,POPLATEK MESICNE,930123,Salary account,2017-01-23,Silver
2970,60,POPLATEK MESICNE,930122,Salary account,2017-01-22,Silver
2676,73,POPLATEK MESICNE,930122,Savings account,2017-01-22,Silver
1536,41,POPLATEK TYDNE,930122,Savings account,2017-01-22,Diamond
456,49,POPLATEK MESICNE,930121,Savings account,2017-01-21,Silver
459,47,POPLATEK MESICNE,930121,NRI account,2017-01-21,Silver
772,45,POPLATEK MESICNE,930121,Savings account,2017-01-21,Silver
1019,52,POPLATEK MESICNE,930121,NRI account,2017-01-21,Silver
11295,74,POPLATEK MESICNE,930121,Salary account,2017-01-21,Silver
1222,66,POPLATEK MESICNE,930120,Savings account,2017-01-20,Silver
212,27,POPLATEK TYDNE,930120,Savings account,2017-01-20,Diamond
2330,54,POPLATEK MESICNE,930119,NRI account,2017-01-19,Silver
1806,40,POPLATEK MESICNE,930119,NRI account,2017-01-19,Silver
3834,54,POPLATEK MESICNE,930119,NRI account,2017-01-19,Silver
401,32,POPLATEK MESICNE,930118,Savings account,2017-01-18,Silver
4034,1,POPLATEK MESICNE,930118,Savings account,2017-01-18,Silver
10364,55,POPLATEK MESICNE,930117,NRI account,2017-01-17,Silver
1481,15,POPLATEK MESICNE,930117,NRI account,2017-01-17,Silver
2519,4,POPLATEK MESICNE,930115,NRI account,2017-01-15,Silver
1699,53,POPLATEK MESICNE,930114,Salary account,2017-01-14,Silver
3909,1,POPLATEK MESICNE,930114,Savings account,2017-01-14,Silver
2926,50,POPLATEK MESICNE,930114,NRI account,2017-01-14,Silver
1731,33,POPLATEK MESICNE,930114,NRI account,2017-01-14,Silver
11265,15,POPLATEK MESICNE,930114,Savings account,2017-01-14,Silver
3760,44,POPLATEK MESICNE,930113,NRI account,2017-01-13,Silver
5270,44,POPLATEK MESICNE,930113,NRI account,2017-01-13,Silver
1909,14,POPLATEK MESICNE,930112,NRI account,2017-01-12,Silver
2099,3,POPLATEK TYDNE,930112,Savings account,2017-01-12,Diamond
1979,26,POPLATEK MESICNE,930111,Salary account,2017-01-11,Silver
346,37,POPLATEK MESICNE,930111,Savings account,2017-01-11,Silver
1338,74,POPLATEK MESICNE,930111,Salary account,2017-01-11,Silver
2925,1,POPLATEK MESICNE,930110,NRI account,2017-01-10,Silver
866,9,POPLATEK MESICNE,930110,Savings account,2017-01-10,Silver
1628,60,POPLATEK MESICNE,930110,Salary account,2017-01-10,Silver
2379,44,POPLATEK MESICNE,930110,NRI account,2017-01-10,Silver
1730,1,POPLATEK MESICNE,930109,NRI account,2017-01-09,Silver
1493,41,POPLATEK MESICNE,930109,NRI account,2017-01-09,Silver
374,38,POPLATEK MESICNE,930109,Savings account,2017-01-09,Silver
1637,1,POPLATEK MESICNE,930108,NRI account,2017-01-08,Silver
3871,26,POPLATEK MESICNE,930108,Salary account,2017-01-08,Silver
192,55,POPLATEK MESICNE,930108,Salary account,2017-01-08,Silver
764,1,POPLATEK MESICNE,930108,Salary account,2017-01-08,Silver
2087,7,POPLATEK TYDNE,930108,Savings account,2017-01-08,Diamond
2122,68,POPLATEK MESICNE,930108,Savings account,2017-01-08,Silver
3592,54,POPLATEK MESICNE,930108,NRI account,2017-01-08,Silver
3487,41,POPLATEK MESICNE,930108,Salary account,2017-01-08,Silver
435,38,POPLATEK MESICNE,930108,NRI account,2017-01-08,Silver
2393,10,POPLATEK MESICNE,930107,NRI account,2017-01-07,Silver
3510,41,POPLATEK MESICNE,930107,Savings account,2017-01-07,Silver
1276,36,POPLATEK MESICNE,930107,Salary account,2017-01-07,Silver
1844,44,POPLATEK MESICNE,930106,Savings account,2017-01-06,Silver
1926,37,POPLATEK MESICNE,930106,Savings account,2017-01-06,Silver
652,21,POPLATEK MESICNE,930105,Savings account,2017-01-05,Silver
9635,70,POPLATEK MESICNE,930105,Salary account,2017-01-05,Silver
2881,70,POPLATEK MESICNE,930104,Salary account,2017-01-04,Silver
2357,19,POPLATEK MESICNE,930104,Savings account,2017-01-04,Silver
2177,62,POPLATEK MESICNE,930104,Salary account,2017-01-04,Silver
485,6,POPLATEK PO OBRATU,930104,NRI account,2017-01-04,Gold
1539,1,POPLATEK PO OBRATU,930103,Savings account,2017-01-03,Gold
793,47,POPLATEK MESICNE,930103,Salary account,2017-01-03,Silver
2484,74,POPLATEK MESICNE,930103,Salary account,2017-01-03,Silver
1695,76,POPLATEK MESICNE,930103,Savings account,2017-01-03,Silver
1726,48,POPLATEK MESICNE,930103,NRI account,2017-01-03,Silver
2632,24,POPLATEK MESICNE,930102,NRI account,2017-01-02,Silver
1972,77,POPLATEK MESICNE,930102,NRI account,2017-01-02,Silver
576,55,POPLATEK MESICNE,930101,Savings account,2017-01-01,Silver
3818,74,POPLATEK MESICNE,930101,NRI account,2017-01-01,Silver
704,55,POPLATEK MESICNE,930101,Salary account,2017-01-01,Silver
2378,16,POPLATEK MESICNE,930101,Savings account,2017-01-01,Silver
